time,z,y,x
1707531222096190000,0,0,0
1707531222115080000,0.128236294,-0.054443359,-0.103263453
1707531222133970000,0.12225914,0.026648521,-0.094529755
1707531222152860000,0.065271854,0.039908409,-0.14274323
1707531222171760000,0.06658268,0.025915146,-0.056036919
1707531222190650000,-0.004749775,0.105143547,-0.108795166
1707531222209540000,-0.074115276,0.14125061,-0.068372101
1707531222228430000,-0.113634109,-0.031309605,0.233809233
1707531222247330000,-0.056761265,-0.295629978,0.148018062
1707531222266220000,0.138988018,-0.167117119,0.143398881
1707531222285110000,0.085644245,-0.068617344,0.417533755
1707531222304010000,-0.133573532,-0.276113987,0.133745551
1707531222322900000,-0.156612396,-0.131730556,0.316042781
1707531222341790000,0.016101837,-0.191753864,0.186258316
1707531222360680000,0.073184967,-0.157514572,0.132025719
1707531222379580000,-0.055330753,-0.127035618,0.14599824
1707531222398470000,-0.012863636,-0.201958656,0.014174223
1707531222417360000,-0.029998302,-0.350037098,0.034883261
1707531222436250000,0.111148834,-0.23025465,0.392776966
1707531222455150000,0.166689396,-0.155171871,0.296940088
1707531222474040000,0.121677876,-0.005988121,0.137059331
1707531222492930000,0.011132717,-0.112687111,0.215502381
1707531222511820000,-0.277667999,-0.09105444,0.353247523
1707531222530720000,-0.188817978,-0.05225563,0.348705769
1707531222549610000,-0.082994938,0.029881001,0.214607477
1707531222568500000,-0.334733486,0.173293114,0.281597614
1707531222587400000,-0.443388462,0.09054184,-0.106641889
1707531222606290000,-0.735563278,-0.047184944,-0.17320919
1707531222625180000,-0.047751904,0.061456203,0.228810012
1707531222644070000,0.190398216,-0.011923313,0.088408649
1707531222662970000,0.027259827,-0.035605431,-0.035561442
1707531222681860000,-0.093167782,0.012077332,-0.132409185
1707531222700750000,0.004593849,0.066929817,0.00878939
1707531222719640000,0.175383091,0.055174351,0.143912643
1707531222738540000,0.38718605,0.063998699,0.242041007
1707531222757430000,0.321653843,-0.017693996,0.126008883
1707531222776320000,0.260334492,-0.122549057,-0.13024883
1707531222795210000,0.176008701,-0.089893818,-0.436243147
1707531222814110000,0.132909775,0.024094105,-0.290882409
1707531222833000000,0.021326065,0.081759453,-0.150931895
1707531222851890000,0.090281487,0.010323524,-0.034195665
1707531222870790000,0.153646469,0.035721302,0.005448898
1707531222889680000,0.20086956,0.04741478,-0.164393798
1707531222908570000,0.053063393,-0.019373417,-0.119378969
1707531222927460000,0.074733257,0.012183189,-0.13450107
1707531222946360000,0.106741905,-0.076751232,-0.171963692
1707531222965250000,0.058886528,-0.075520039,-0.088980451
1707531222984140000,0.017997265,-0.017157078,-0.056221038
1707531223003030000,0.009796619,0.00071907,-0.041404054
1707531223021930000,-0.04049778,0.076471806,-0.090944707
1707531223040820000,-0.061475277,0.043715,-0.055476427
1707531223059710000,-0.022108078,0.017383575,0.049318761
1707531223078600000,0.000118256,-0.004255295,0.057916194
1707531223097500000,-0.003544331,0.048838615,0.027063668
1707531223116390000,-0.133011818,-0.016653538,-0.034617633
1707531223135280000,-0.167408943,0.010411263,-0.089536428
1707531223154180000,-0.202356339,0.012713432,-0.230097771
1707531223173070000,0.071342945,-0.029108524,-0.097940087
1707531223191960000,0.280163765,-0.056471348,-0.032866359
1707531223210850000,0.352826595,-0.028522015,-0.010726154
1707531223229750000,0.294125557,-0.056461334,-0.091553867
1707531223248640000,0.323350906,0.03196764,-0.171673775
1707531223267530000,0.261929512,-0.004333973,-0.256989539
1707531223286420000,0.076562405,0.004999638,-0.255493879
1707531223305320000,-0.390205383,0.015949249,-0.219228506
1707531223324210000,-0.915427208,-0.006789684,-0.333576918
1707531223343100000,-0.970868111,-0.073926926,-0.361109614
1707531223362000000,-1.016393185,-0.051018715,-0.286031008
1707531223380890000,-1.073582649,-0.000584126,-0.215770245
1707531223399780000,-1.455327511,-0.046023369,0.076974034
1707531223418670000,-1.89136982,-0.070411205,0.254489779
1707531223437570000,-1.777395725,-0.162436485,0.034195423
1707531223456460000,-1.466022015,-0.157680511,0.299822569
1707531223475350000,-1.692024708,0.296397209,1.211624265
1707531223494240000,-2.136898994,0.256055832,1.026348352
1707531223513140000,-2.36393404,0.210804939,0.028421164
1707531223532030000,-1.684819221,-0.453042507,-0.013041556
1707531223550920000,-0.002044678,-0.529058933,0.124077611
1707531223569820000,1.236305237,-0.462807178,-0.428817511
1707531223588710000,2.462440491,-0.26303196,-0.880934
1707531223607600000,3.198102951,-0.132980824,-1.073014021
1707531223626490000,3.300998688,-0.109351635,-0.839040637
1707531223645390000,3.320694923,-0.024512053,-0.595668554
1707531223664280000,3.25929451,-0.009879589,-0.36248672
1707531223683170000,3.228421211,-0.102373362,0.12123549
1707531223702060000,3.71512413,-0.261895895,0.427717924
1707531223720960000,3.304497719,-0.471479416,1.054882288
1707531223739850000,2.57713604,-0.656384468,0.82215786
1707531223758740000,2.019227028,-0.745611191,-0.559898138
1707531223777640000,1.968316078,-1.244242668,-1.475653648
1707531223796530000,1.821022034,-1.536818027,-1.807013273
1707531223815420000,1.092206955,-1.627631187,-1.733919382
1707531223834310000,0.072425842,-1.485146999,-1.957074761
1707531223853210000,-0.954864502,-1.309279442,-2.050391674
1707531223872100000,-1.616293907,-1.425393105,-1.935761571
1707531223890990000,-1.82875061,-1.526237011,-1.930672288
1707531223909880000,-2.252728462,-1.218754768,-1.958611369
1707531223928780000,-2.353376865,-0.885140896,-1.420626402
1707531223947670000,-2.327054501,-0.736057281,-0.969417572
1707531223966560000,-2.639873981,-0.526762962,-0.479277134
1707531223985460000,-2.840178251,-0.265781879,0.105127096
1707531224004350000,-2.959118366,-0.010548115,0.432246923
1707531224023240000,-3.010155201,0.187081337,0.74004221
1707531224042130000,-3.013970613,0.474435806,1.392229795
1707531224061030000,-3.036206484,0.597504139,1.242168903
1707531224079920000,-3.257824898,-0.025386333,0.43073988
1707531224098810000,-3.384726048,-0.200494766,0.223650336
1707531224117700000,-3.013925552,-0.399517059,0.186612725
1707531224136600000,-1.931857109,-0.696363926,-0.003033221
1707531224155490000,-0.091082573,-0.495693684,-0.390935302
1707531224174380000,1.181859016,-0.539849281,-0.692304611
1707531224193280000,2.091741562,-0.521010399,-1.268576026
1707531224212170000,2.672246933,-0.22758913,-1.362114072
1707531224231060000,2.782223701,-0.05337286,-0.692211866
1707531224249950000,2.692696571,-0.320131779,0.017365932
1707531224268850000,3.170286179,-0.065074444,0.253019571
1707531224287740000,3.78451252,0.27572298,0.482909441
1707531224306630000,4.605442047,0.285983086,0.480709791
1707531224325520000,4.837052345,0.320069075,1.408899784
1707531224344420000,4.862229347,0.021641016,1.371355772
1707531224363310000,5.076683998,-0.288903713,0.908011317
1707531224382200000,4.569296837,-0.610361576,0.17874217
1707531224401100000,3.507136345,-0.827724934,-0.841632366
1707531224419990000,2.892468452,-1.668984413,-1.924978495
1707531224438880000,2.974463463,-2.154376507,-2.47110343
1707531224457770000,2.533928871,-2.519095421,-2.888143063
1707531224476670000,1.222830296,-2.66493988,-2.900298595
1707531224495560000,-0.899536133,-2.731567383,-3.204703569
1707531224514450000,-2.812121153,-2.527870178,-3.717827082
1707531224533350000,-4.550527573,-2.333210468,-3.732154846
1707531224552240000,-5.964627266,-2.314504623,-3.385035276
1707531224571130000,-6.236450195,-2.195531845,-3.054405212
1707531224590020000,-5.659488201,-2.268755913,-2.508752823
1707531224608920000,-4.727691174,-2.150957584,-2.012908459
1707531224627810000,-3.703976154,-1.893359661,-1.835645676
1707531224646700000,-2.784772158,-1.648245811,-1.46523416
1707531224665590000,-1.42294836,-1.328843117,-1.151548743
1707531224684490000,0.223985195,-0.859322548,-0.965473533
1707531224703380000,1.336119175,-0.444698334,-0.584264159
1707531224722270000,1.401477337,-0.054354191,0.06678772
1707531224741170000,0.578724861,-0.105814934,0.727226973
1707531224760060000,-0.002143383,-0.010185719,0.566471159
1707531224778950000,0.239312172,0.292161465,0.502487183
1707531224797840000,0.785048485,0.509411812,1.002324104
1707531224816740000,1.205097198,0.461409569,1.624094009
1707531224835630000,1.460767746,0.777786732,1.76580143
1707531224854520000,1.889656067,1.2297616,2.250102043
1707531224873420000,3.848268509,1.469192266,2.190897465
1707531224892310000,6.453724861,0.981672049,1.498018503
1707531224911200000,7.01846981,0.621301413,0.158569336
1707531224930090000,7.08318615,0.148204088,0.302197933
1707531224948990000,4.952695847,-0.349220872,1.24746418
1707531224967880000,4.214949131,-0.150748253,1.049406528
1707531224986770000,3.507554054,-0.940314531,1.35131979
1707531225005670000,2.357339859,-1.524855852,1.337137222
1707531225024560000,0.30907011,-1.129019499,0.402360439
1707531225043450000,0.443529606,-0.365122795,-1.038532734
1707531225062340000,0.560079575,-1.384599209,0.105846405
1707531225081240000,1.2260499,-2.300676346,0.379453182
1707531225100130000,0.064285278,-3.290097713,0.377166748
1707531225119020000,-0.533729076,-4.813937664,0.362241268
1707531225137920000,-6.704456329,0.393840313,3.777656555
1707531225156810000,-4.543878555,0.570130825,4.582128525
1707531225175700000,-1.495055199,0.373164177,0.132328987
1707531225194590000,-0.733405113,-1.275140285,-4.927354813
1707531225213490000,1.580462933,-0.75293541,-6.921754837
1707531225232380000,2.342585564,-0.679532766,-6.285913944
1707531225251270000,1.630213737,-1.296706676,-1.977330923
1707531225270160000,2.200610161,0.348508358,1.777736664
1707531225289060000,4.542015076,0.049411774,3.041335106
1707531225307950000,7.460810661,-0.418007851,2.032940626
1707531225326840000,9.409007072,-2.367031097,-1.046455622
1707531225345740000,9.931477547,-3.587464094,-0.217132151
1707531225364630000,7.994594097,-4.249242306,0.014791369
1707531225383520000,5.632666111,-5.111954212,-6.723522663
1707531225402410000,0.845878363,-4.970292091,-12.05050755
1707531225421310000,-1.879456282,-4.834159851,-10.45964146
1707531225440200000,-0.392217577,-3.921356678,-7.104833603
1707531225459090000,0.711506963,-3.84008503,-7.234705925
1707531225477990000,-0.192506552,-4.061189175,-6.385177612
1707531225496880000,-0.970396996,-2.296404839,-3.162744284
1707531225515770000,-2.516845703,-0.689750195,-3.757701397
1707531225534660000,-2.706624031,-1.595579624,-7.077051163
1707531225553560000,0.14889431,-1.725359917,-6.687175751
1707531225572450000,3.493669748,-0.78715992,-2.746585369
1707531225591340000,4.628458977,-0.670527935,-1.906381607
1707531225610240000,4.296813011,-0.015469551,-1.094086289
1707531225629130000,3.251536846,0.964508057,2.031531811
1707531225648020000,3.621165276,1.951264381,2.631506205
1707531225666910000,3.77984333,2.44828701,1.782654524
1707531225685810000,3.739123344,2.894128323,1.772635102
1707531225704700000,3.545445442,4.325798035,3.813067198
1707531225723590000,2.347296715,5.38051796,3.672925234
1707531225742490000,-0.020659447,6.201165676,4.712612629
1707531225761380000,-2.315488815,6.699448586,6.231419563
1707531225780270000,-6.532200813,4.431435108,3.503489256
1707531225799160000,-9.821825027,1.06115675,-1.684199214
1707531225818060000,-10.29497242,-2.034870625,-2.452682257
1707531225836950000,-4.6583395,-3.914398432,-0.284180641
1707531225855840000,-1.650707245,-6.851560593,0.11784029
1707531225874740000,-1.664565086,-8.321426392,0.17892313
1707531225893630000,-3.705101967,-7.744720936,3.050286293
1707531225912520000,-5.704006195,-5.658070087,7.987286568
1707531225931410000,-6.941109657,-4.370765209,9.38864994
1707531225950310000,-4.438170433,-5.617148399,5.056582928
1707531225969200000,-1.343871593,-6.183960438,0.753296375
1707531225988090000,1.670145273,-5.093397141,0.46764183
1707531226006990000,1.376676083,-3.376543283,1.053957462
1707531226025880000,-2.595751524,-1.892537117,2.534824848
1707531226044770000,-8.285165787,-1.715121746,-0.298560143
1707531226082560000,-5.9125247,-3.393525124,-11.69780159
1707531226101450000,-0.798876047,-1.124791145,-7.181303978
1707531226120340000,4.577274323,1.158008099,1.491214275
1707531226139240000,9.625150681,3.850761414,6.403271675
1707531226158130000,14.02685547,4.732969284,7.320576191
1707531226177020000,11.88231277,2.9806633,1.808292866
1707531226195910000,8.178119659,1.524012566,-4.712954998
1707531226214810000,5.893829346,0.34114933,-8.604961395
1707531226233700000,4.748158932,-1.108971119,-8.029337883
1707531226252590000,8.118988991,-2.020246983,-5.840395927
1707531226271490000,12.21435261,-4.919632912,-4.624544621
1707531226290380000,11.54047966,-7.340939522,-2.286732912
1707531226309270000,7.860069752,-6.521611214,-0.256825209
1707531226328160000,-0.321376801,-4.466838837,-3.274356604
1707531226347060000,-6.776669502,-0.540462255,0.443586588
1707531226365950000,-2.912791252,1.789371252,6.807235718
1707531226384840000,-0.350687981,3.09709549,7.166772366
1707531226403740000,-3.937430382,3.231315136,6.633198738
1707531226422630000,-7.318810463,3.346909285,4.550010681
1707531226441520000,-4.559886932,2.477859497,4.021708965
1707531226460410000,-0.870484352,0.872820616,3.837584496
1707531226479310000,0.380252838,-1.561668634,2.916543722
1707531226498200000,0.787251472,-2.892168045,0.526676178
1707531226517090000,-3.045952797,-0.947791338,-0.127949953
1707531226535990000,-8.188102722,0.632227898,0.765648842
1707531226554880000,-12.26958084,-1.078821182,-0.436477184
1707531226573770000,-8.947511673,-4.854935169,-3.588361025
1707531226592660000,-5.538843155,-5.212805748,-4.281263351
1707531226611560000,-2.054191351,-4.322110176,-1.905822754
1707531226630450000,-2.5040133,-2.724012375,-2.33581686
1707531226649340000,-9.317611694,-1.680517197,-0.698125362
1707531226668240000,-11.27388,-0.941681385,2.095705509
1707531226687130000,-9.649438858,-1.661861897,3.942455769
1707531226706020000,-4.759653091,-1.586739063,3.147230864
1707531226724910000,-1.194486618,-1.508151531,9.539811134
1707531226743810000,1.488093376,-1.449088693,8.856218338
1707531226762700000,6.013136864,-2.251355171,6.165455818
1707531226781590000,9.184893608,-2.221188307,8.926960945
1707531226800490000,10.72343445,-2.617761612,6.771508694
1707531226819380000,12.30205631,-3.512492657,5.718166351
1707531226838270000,12.98197174,-3.810004234,4.697309494
1707531226857170000,12.98531914,-5.383229256,4.937804222
1707531226876060000,14.82146645,-7.467902184,3.344902992
1707531226894950000,15.74545097,-9.483935356,4.449083328
1707531226913840000,14.42892456,-12.36181259,1.104611397
1707531226932740000,11.83636475,-14.13353539,-5.074973106
1707531226951630000,10.53130913,-12.70534897,-9.777105331
1707531226970520000,8.69927597,-10.58145046,-8.903877258
1707531226989420000,7.821698666,-7.308374882,-5.599220276
1707531227008310000,5.620602608,-5.361617565,-2.13068676
1707531227027200000,6.569045544,-3.856850624,-0.490972251
1707531227046090000,9.295944214,-4.512638569,-0.86511898
1707531227064990000,10.36653233,-4.672422409,-1.472307801
1707531227083880000,8.793718338,-4.979948521,-0.51213026
1707531227102770000,8.067653656,-5.662970543,0.566124678
1707531227121670000,8.076014519,-6.797416687,2.164774656
1707531227140560000,8.61212635,-6.968470573,6.189137936
1707531227159450000,9.733716011,-7.474086761,8.328948021
1707531227178340000,13.69177246,-9.663516998,5.079679489
1707531227197240000,3.528104782,-7.981105804,1.122674823
1707531227216130000,2.422624588,-5.450278759,5.540322781
1707531227235020000,4.147971153,-2.168702602,8.733531952
1707531227253920000,2.956630707,0.051306248,10.66927624
1707531227272810000,-2.668778419,1.344594359,9.27256012
1707531227291700000,-5.482909203,2.105894804,9.853042603
1707531227310600000,-4.472593307,2.473300219,9.959159851
1707531227329490000,-3.589151382,0.333735555,11.64069939
1707531227348380000,-5.046356201,-3.141505957,10.66196632
1707531227367270000,-3.338752747,-6.942443371,8.549884796
1707531227386170000,-3.05614996,-9.198599815,6.436150551
1707531227405060000,-7.108479977,-7.485903263,5.571819305
1707531227423950000,-10.3816824,-5.507509708,5.506711483
1707531227442850000,-11.50718021,-5.302735329,4.122513294
1707531227461740000,-9.731798172,-4.276301384,4.276043892
1707531227480630000,-6.043495655,-3.643843412,7.167584419
1707531227499520000,-3.247101307,-4.632029057,9.074310303
1707531227518420000,-2.090214729,-4.772171974,10.08457947
1707531227537310000,-1.812458277,-5.669976234,7.573873043
1707531227556200000,-1.033769488,-6.189980507,4.387882233
1707531227575100000,0.09361136,-6.513102055,1.744861603
1707531227593990000,0.816538334,-6.98913765,0.936862946
1707531227612880000,-0.045852423,-5.899979115,-0.104506016
1707531227631770000,-0.639595509,-5.325614929,-0.708115578
1707531227650670000,-0.695144057,-4.798490047,-2.163193703
1707531227669560000,0.426411867,-3.771566391,-3.071606636
1707531227688450000,2.035214663,-3.325596809,-2.894938231
1707531227707350000,1.152456522,-2.613315582,-3.319164753
1707531227726240000,-0.045846224,-0.130996704,-2.804575443
1707531227745130000,-2.920531034,2.218187809,-2.852989197
1707531227764030000,-5.529935837,4.297392368,-3.670608759
1707531227782920000,-5.937657356,5.891596794,-2.772064209
1707531227801810000,-5.154740334,7.403549194,-3.779362202
1707531227820700000,-3.558132172,7.718625069,-2.85144043
1707531227839600000,-1.120858192,7.072525978,-3.131269455
1707531227858490000,0.202617168,5.1470294,-2.825017929
1707531227877380000,0.686786652,3.263725281,-1.457062721
1707531227896280000,0.844463706,1.781478882,1.504344463
1707531227915170000,-0.559962988,-0.041116238,3.659623623
1707531227934060000,-1.947946072,-2.492293835,3.883954048
1707531227952960000,-1.549514532,-4.690403938,3.865791321
1707531227971850000,0.032451391,-5.06602478,5.855150223
1707531227990740000,-0.163563728,-5.201842308,6.987959862
1707531228009630000,-1.322575688,-5.726234436,6.666815281
1707531228028530000,-2.781297684,-6.893444538,4.699836254
1707531228047420000,-2.37825799,-7.769824505,2.673256397
1707531228066310000,-1.471134424,-7.652499199,1.742332935
1707531228085210000,-0.689861536,-7.108594894,0.873037338
1707531228104100000,-0.744602203,-7.578752518,-1.541901588
1707531228122990000,-0.46103847,-6.690374851,-5.002110004
1707531228141880000,0.941282392,-5.631612778,-7.01727581
1707531228160780000,4.07450676,-4.025345325,-7.653049946
1707531228179670000,6.390564919,-2.301050663,-7.465808392
1707531228198560000,4.529272079,0.74407196,-6.373831272
1707531228217460000,0.912210584,4.763559818,-3.878979683
1707531228236350000,-2.017380714,7.701947212,-1.784137249
1707531228255240000,-3.750071049,9.473434448,-0.768084526
1707531228274140000,-6.044050217,10.13082123,0.062086582
1707531228293030000,-8.57252121,9.725788116,1.260096073
1707531228311920000,-9.559010506,8.205010414,4.220440388
1707531228330810000,-9.43241024,5.79204464,4.303328991
1707531228349710000,-3.343455315,1.688251495,4.227873802
1707531228368600000,1.386906624,-4.388353348,4.383573532
1707531228387490000,6.797011375,-6.436260223,6.333616257
1707531228406390000,8.14441967,-5.260677338,10.95512104
1707531228425280000,4.482098103,-4.827402592,10.26893139
1707531228444170000,0.123870373,-6.425983906,4.04604435
1707531228463060000,2.248805523,-5.778069973,6.607049465
1707531228481960000,4.171781063,-4.014224052,8.467330933
1707531228500850000,3.808561325,-3.094516754,9.310742378
1707531228519740000,2.756247044,-1.45529747,7.326840878
1707531228538640000,1.9856143,-0.217837334,5.529240131
1707531228557530000,1.449740887,1.512120247,3.662508488
1707531228576420000,-1.804300547,4.269494057,0.525398016
1707531228595320000,-2.882233143,7.476104736,-2.60393858
1707531228614210000,1.307435989,9.588980675,-5.823882103
1707531228633100000,5.400286674,9.11644268,-6.628378868
1707531228651990000,7.013644695,6.214680195,-5.597503185
1707531228670890000,4.489864349,3.18337059,-2.130739689
1707531228689780000,0.954455018,-0.104064941,-0.658324718
1707531228708670000,-0.869133115,-2.282824039,2.422058582
1707531228727570000,-0.107808828,-5.018587112,2.2524333
1707531228746460000,2.071404219,-6.764047623,2.266238213
1707531228765350000,2.907425642,-8.158770561,2.690724373
1707531228784250000,3.111081362,-8.825958252,3.861255169
1707531228803140000,3.341063499,-9.753437996,3.878042221
1707531228822030000,4.019002438,-10.48854542,2.526376724
1707531228840920000,4.937115669,-10.9430809,1.113910198
1707531228859820000,5.471869469,-11.06647301,-0.913347244
1707531228878710000,5.473355293,-10.7392931,-3.549229622
1707531228897600000,3.45108223,-9.954740524,-3.611813545
1707531228916500000,0.771409273,-7.53844595,-3.663430214
1707531228935390000,-0.375054359,-3.171140194,-4.739219189
1707531228954280000,-1.701825261,2.147516251,-4.735690594
1707531228973180000,-4.392506123,6.547188282,-1.323838234
1707531228992070000,-4.22721529,8.589292526,1.396745682
1707531229010960000,-1.11417532,7.093650818,2.049455643
1707531229029850000,1.4294312,4.515837669,2.534881353
1707531229048750000,0.953957677,2.007698059,2.901502132
1707531229067640000,1.438541293,-0.296535492,2.819306135
1707531229105430000,5.768095016,0.05635643,1.666653633
1707531229124320000,8.079479218,2.888108253,4.088024616
1707531229143210000,8.411493301,6.199559212,2.244430065
1707531229162110000,7.075826645,8.120028496,0.57039237
1707531229181000000,7.756905556,8.01379776,1.62331605
1707531229199890000,7.419138432,5.792098045,4.714080334
1707531229218780000,4.555398941,3.70580101,5.78075552
1707531229237680000,1.229799747,1.12335968,5.146997452
1707531229256570000,-1.92849493,-1.999725342,3.669484138
1707531229275460000,-2.525190115,-4.520424843,2.331751823
1707531229294360000,-2.116812468,-6.575797081,-0.141937003
1707531229313250000,-0.708709121,-8.176717758,-2.550287008
1707531229332140000,-0.262766719,-9.418690681,-3.35373497
1707531229351040000,-1.064954758,-10.21907902,-2.942841053
1707531229369930000,-1.958014965,-10.63839531,-3.527449131
1707531229388820000,-2.691248655,-10.47220039,-3.266177654
1707531229407710000,-4.032938957,-10.47572136,-2.128050566
1707531229426610000,-3.530297041,-8.972066879,-2.464292526
1707531229445500000,-3.066982269,-8.486145973,-2.374156237
1707531229464390000,-3.103519201,-7.484378815,-3.126981974
1707531229483290000,-2.732991695,-5.444272518,-2.657844543
1707531229502180000,-3.203360796,-1.933128357,-0.347033262
1707531229521070000,-5.40392971,1.935603142,-0.532896757
1707531229539970000,-1.273065686,1.479204178,1.205827236
1707531229558860000,11.00597477,0.243703842,1.779379368
1707531229577750000,19.94320869,0.699726105,1.255497456
1707531229596640000,12.32469463,3.441060066,4.455820084
1707531229615540000,4.686234474,7.658778191,5.721145153
1707531229634430000,-0.366257489,9.588092804,4.426211357
1707531229653320000,-1.981500745,11.29069901,2.810353279
1707531229672220000,-2.63387394,11.14671516,0.087859631
1707531229691110000,-1.490830064,10.44651413,-0.7249856
1707531229710000000,0.469174474,9.513017654,-1.096046448
1707531229728900000,1.969754457,8.006445885,-1.601307869
1707531229747790000,2.03706336,5.086225033,-3.199457645
1707531229766680000,0.712596595,1.835264683,-4.561349392
1707531229785570000,0.561141849,-0.105753899,-3.01022625
1707531229804470000,0.822823107,-1.966499805,-1.112499237
1707531229823360000,1.307659507,-3.810420036,0.628477573
1707531229842250000,1.84193027,-5.418818474,2.263811111
1707531229861150000,1.373254299,-7.027458668,2.588398933
1707531229880040000,0.459707797,-7.954893112,2.542719841
1707531229898930000,0.36313647,-8.142772675,2.543716431
1707531229917830000,0.457488805,-7.95425272,3.186416626
1707531229936720000,-0.174841523,-7.287276745,3.099095345
1707531229955610000,-1.419038057,-7.208186626,2.427652359
1707531229974500000,-2.507344246,-7.29841423,0.886314869
1707531229993400000,-1.761598229,-7.387022018,0.647672176
1707531230012290000,-0.553947926,-6.554475784,0.561144352
1707531230031180000,-0.474460781,-5.401422024,1.325358391
1707531230050080000,-0.508050203,-4.582839012,2.463276863
1707531230068970000,0.281394005,-2.646025181,3.379448414
1707531230087860000,1.018128872,-0.483885765,3.813383102
1707531230125650000,-5.886561871,6.510046959,4.571455002
1707531230144540000,-7.176177502,9.800189972,5.891278744
1707531230163430000,-4.151524544,12.45625019,7.163297176
1707531230182330000,3.201799393,12.39195824,8.126495361
1707531230201220000,11.50729942,11.11291599,7.042051792
1707531230220110000,16.06718445,8.214775085,5.368870735
1707531230239010000,14.62043953,4.478935242,2.949699163
1707531230257900000,9.938131332,0.683506966,-0.402912498
1707531230276790000,5.609892845,-3.12145853,-3.776653767
1707531230295690000,2.891604662,-6.236678123,-5.983090401
1707531230314580000,2.193976879,-8.158009529,-5.829102039
1707531230333470000,2.547910213,-9.563557625,-5.501825333
1707531230352370000,0.889675856,-9.935447693,-6.614634037
1707531230371260000,-2.255651474,-10.73269653,-5.208756924
1707531230390150000,-4.383821011,-10.87325859,-4.252457619
1707531230409040000,-4.68368578,-10.92263126,-3.950325966
1707531230427940000,-3.852539539,-10.86468983,-3.5091362
1707531230446830000,-2.805625916,-10.78305626,-3.491184711
1707531230465720000,-1.606383801,-9.952675819,-3.127445459
1707531230484620000,-0.260906696,-8.664370537,-3.082387686
1707531230503510000,-0.339912891,-6.872115135,-3.752272844
1707531230522400000,-1.344490528,-4.896428108,-3.819078922
1707531230541300000,-2.754554272,-1.922319412,-4.694572926
1707531230560190000,-1.053830862,2.34577179,-2.448445082
1707531230579080000,2.23693037,5.68683815,-2.159023762
1707531230597970000,5.840800762,8.728354454,-2.188105822
1707531230616870000,5.169651031,9.983562469,-1.679708481
1707531230635760000,4.783276558,8.380041122,0.370151997
1707531230654650000,6.451234818,6.148789406,2.390592098
1707531230673550000,6.489431381,4.533080101,3.752034664
1707531230692440000,3.265674114,2.757713318,4.531684399
1707531230711330000,-0.530445457,1.481478691,5.328014851
1707531230730230000,-3.855653286,0.202001095,6.424139977
1707531230749120000,-5.405323982,0.137928963,7.089521408
1707531230768010000,-5.61512661,-0.985110283,7.19151926
1707531230786900000,-4.964089394,-2.633114338,5.659042835
1707531230805800000,-4.220709324,-4.187900066,4.544259548
1707531230824690000,-4.000222206,-5.26384306,4.108265877
1707531230843580000,-4.780694962,-6.279877663,2.859708309
1707531230862480000,-4.79962635,-7.08804369,1.72603035
1707531230881370000,-4.220753193,-7.748572826,1.148484707
1707531230900260000,-3.879947662,-8.083942413,0.527436733
1707531230919160000,-3.546908617,-7.980519295,-0.350634098
1707531230938050000,-3.993594408,-6.682846546,-1.200608015
1707531230956940000,-4.484995842,-5.766958237,-1.753579736
1707531230975840000,-3.396007538,-3.649180174,-0.570461273
1707531230994730000,-1.127343178,-1.695121288,0.659163952
1707531231013620000,1.930726051,-0.092309475,-1.061575651
1707531231032510000,5.804091454,1.717039108,-3.640798569
1707531231051410000,12.07268143,4.175858021,-3.288249016
1707531231070300000,17.14117432,3.725038528,-1.595675349
1707531231089190000,15.37929344,2.777475834,-1.077699184
1707531231108090000,10.64154625,0.703341484,-3.283357382
1707531231126980000,6.719592094,-1.384888649,-4.184926987
1707531231145870000,3.507889748,-1.931993484,-3.499381065
1707531231164770000,2.110701561,-2.87597084,-2.691612244
1707531231183660000,0.846753597,-3.784259558,-3.128309727
1707531231202550000,-0.384018421,-3.318212748,-2.270210981
1707531231221440000,-0.130899906,-4.315730095,2.036279202
1707531231240340000,2.460827827,-2.124567509,2.525109529
1707531231259230000,3.566549778,-2.642710686,5.116051674
1707531231278120000,1.229003429,-2.169474602,3.728404045
1707531231297020000,-0.985937119,-2.746507168,2.778427601
1707531231315910000,0.372816563,-2.821844578,2.792372704
1707531231334800000,-0.045325279,-0.536263466,-0.064146399
1707531231353700000,-2.238452911,0.773100853,-0.88593179
1707531231372590000,-4.367997169,1.866031647,-0.788153052
1707531231391480000,-4.119875431,2.218141556,-0.845072985
1707531231410380000,-1.523859739,-0.085622787,0.097931325
1707531231429270000,0.953267097,1.784049034,-1.44906354
1707531231448160000,-0.197301865,2.472377777,-4.124110699
1707531231467050000,-2.377143145,0.819205284,-3.459451437
1707531231485950000,-1.671040058,-1.068240643,-0.854379773
1707531231504840000,-0.917455673,-0.585733414,-1.238477468
1707531231523730000,1.407146931,-0.421107292,0.378288954
1707531231542630000,2.436772823,-0.192049026,0.782432675
1707531231561520000,3.50026989,0.095649719,0.105551839
1707531231580410000,4.301036835,1.014625549,0.145694852
1707531231599310000,5.28844738,2.020474434,1.312271953
1707531231618200000,4.132166386,2.407437325,1.56857419
1707531231637090000,3.499654293,2.088180542,1.213440776
1707531231655990000,2.047732592,0.355517387,0.375700951
1707531231674880000,1.127150416,-1.079366684,-1.13587296
1707531231693770000,1.061011434,-2.384228706,-1.161980629
1707531231712660000,-0.288538575,-2.972497463,-0.870819092
1707531231731560000,-3.011048079,-3.394790173,-1.155622005
1707531231750450000,-4.761034012,-3.767054081,-1.038608432
1707531231769340000,-5.962973595,-4.447378159,-0.642330885
1707531231788240000,-6.00945282,-5.472998142,0.107499719
1707531231807130000,-4.666719437,-5.572138786,0.066617489
1707531231826020000,-3.17671895,-5.332439899,0.147266269
1707531231844920000,-2.242427826,-5.009993553,0.62340939
1707531231863810000,-3.204676867,-3.921203613,0.642754078
1707531231882700000,-5.483929157,-2.299254417,0.838055015
1707531231901590000,-6.567426205,-0.444232941,1.401689649
1707531231920490000,-5.591629505,2.679272652,0.454578161
1707531231939380000,-3.573794365,4.544548988,0.900232315
1707531231958270000,-0.358970165,6.913126945,1.192159653
1707531231977170000,1.64172554,6.031752586,2.490091324
1707531231996060000,2.111680508,3.660747528,2.902206898
1707531232014950000,2.817789555,0.909323692,1.353557467
1707531232033850000,3.818778515,-0.788612366,-0.495777816
1707531232052740000,4.70113945,-1.257899761,-1.395112872
1707531232071630000,3.205425262,-1.771791458,-2.19476819
1707531232090530000,3.893190861,-3.063371181,-0.689882576
1707531232109420000,3.862654209,-3.064202309,0.712497115
1707531232128310000,3.201731682,-2.494464874,1.346078753
1707531232147200000,2.322011471,-2.0672822,0.791849852
1707531232166100000,1.021512508,-2.346162796,-1.879088402
1707531232184990000,-0.553504467,-1.953575611,-1.713886857
1707531232203880000,-1.935399532,-0.691606522,-0.052772403
1707531232222780000,-3.834702492,-0.201630116,1.134163499
1707531232241670000,-1.450520039,0.448136806,0.883181691
1707531232260560000,0.957472324,1.468237877,0.802027822
1707531232279460000,2.057633877,1.595324993,-0.158121824
1707531232298350000,3.813334942,1.759748936,-1.010508895
1707531232317240000,3.646154881,2.141456604,-2.388114452
1707531232336140000,2.3918643,1.005702496,-1.847872019
1707531232355030000,1.516967773,-0.138453484,-0.721166611
1707531232373920000,0.52842474,-1.024235725,-0.080204308
1707531232392810000,0.227039337,-1.314020634,-0.201244533
1707531232411710000,0.777500629,-0.962993622,-0.338397056
1707531232430600000,0.893748283,-0.720191002,-0.266140521
1707531232449490000,0.621094704,-0.432188511,0.069127858
1707531232468390000,0.307718754,-0.387470722,0.788613915
1707531232487280000,-0.573270798,-0.092748165,0.954212189
1707531232506170000,-1.254856586,0.189146042,0.519660234
1707531232525070000,-1.536149502,0.193692207,-0.166649878
1707531232543960000,-1.334656715,-0.077777863,-0.381757259
1707531232562850000,-0.392672539,0.096931458,-0.722459137
1707531232581750000,-0.068019867,-0.047667027,-0.277842939
1707531232600640000,0.424766541,0.119785309,-0.182543397
1707531232619530000,0.22647047,-0.103850365,-0.060070276
1707531232638420000,0.389062881,-0.13016367,-0.400988936
1707531232657320000,0.449336052,-0.059175014,-0.135553896
1707531232676210000,0.382651329,0.319428921,-0.197680056
1707531232695100000,-0.072080135,-0.240372658,0.182624221
1707531232714000000,-0.154140949,-0.512722492,0.027380228
1707531232732890000,-1.213472843,-0.788774967,0.257175326
1707531232751780000,-0.681407452,-0.270292282,-0.284117222
1707531232770680000,-0.227431297,0.389497757,0.477308512
1707531232789570000,0.15915823,0.315553665,0.514124453
1707531232808460000,0.658183575,0.201102734,-0.026750565
1707531232827360000,0.860176563,0.12045002,-0.219405055
1707531232846250000,0.557186127,0.109033585,-0.240457356
1707531232865140000,0.296728611,0.077381134,-0.388488293
1707531232884030000,0.263681412,0.03690958,-0.173168242
1707531232902930000,0.184082985,0.071437359,0.045977056
1707531232921820000,0.098397732,0.0535779,0.112739444
1707531232940710000,0.086208344,-0.129815578,0.035954595
1707531232959610000,0.269414902,-0.153713226,-0.079161108
1707531232978500000,0.191932678,-0.149024963,-0.094912648
1707531232997390000,0.015409946,-0.080223083,-0.090428412
1707531233016290000,-0.120103359,-0.048742294,0.029844105
1707531233035180000,-0.144279957,-0.008601665,-0.030575693
1707531233054070000,-0.097634315,0.138933182,-0.129686952
1707531233072970000,-0.039868832,0.065327168,-0.142915606
1707531233091860000,0.218337536,0.04620409,0.009600222
1707531233110750000,0.571596622,-0.015830517,0.0633986
1707531233129650000,0.745886803,-0.067579746,0.033789396
1707531233148540000,0.327685833,-0.058670044,-0.023788869
1707531233167430000,-0.180175304,-0.034380436,-0.005688787
1707531233186320000,-0.387598991,-0.176713943,0.018123567
1707531233205220000,-0.172221661,-0.209618092,-0.055712461
1707531233224110000,-0.043354034,-0.091101646,-0.150264382
1707531233243000000,-0.119753361,-0.001883507,0.160221994
1707531233261900000,-0.279065132,0.125748158,0.117725134
1707531233280790000,-0.241138458,0.130207062,-0.01678288
1707531233299680000,0.055751801,0.090891361,-0.212666988
1707531233318580000,0.181203842,0.058503628,-0.358672261
1707531233337470000,0.072080612,-0.077054977,-0.228137255
1707531233356360000,0.03734684,-0.065389156,-0.008829415
1707531233375260000,0.35783577,-0.007070065,-0.28225112
1707531233394150000,0.277299881,0.020599365,0.218258321
1707531233413040000,0.36538887,-0.05461216,0.318969965
1707531233431930000,-0.044503689,-0.277669907,-0.130356789
