time,seconds_elapsed,z,y,x
1707576936422411000,0.039410888671875,0,0,0
1707576936441303600,0.058303466796875,0.06626033782958984,0.0009636878967285156,-0.05560505390167236
1707576936460196000,0.077196044921875,0.12090396881103516,-0.026027202606201172,-0.0964205265045166
1707576936479088600,0.096088623046875,0.11658000946044922,-0.06682300567626953,-0.06910324096679688
1707576936497981200,0.114981201171875,0.09676456451416016,-0.02835559844970703,-0.02973484992980957
1707576936516873700,0.133873779296875,0.04007434844970703,0.04413127899169922,-0.057338833808898926
1707576936535766300,0.152766357421875,-0.0027189254760742188,0.11414146423339844,-0.08086287975311279
1707576936554659000,0.1716591796875,-0.04832744598388672,0.11994647979736328,-0.05360615253448486
1707576936573551400,0.19055126953125,-0.08109855651855469,0.11287593841552734,-0.06471705436706543
1707576936592444200,0.209444091796875,-0.07506847381591797,0.11089277267456055,-0.02326977252960205
1707576936611336700,0.228336669921875,-0.054508209228515625,0.06388616561889648,0.04778850078582764
1707576936630229200,0.247229248046875,-0.0037202835083007812,0.061719417572021484,0.1020660400390625
1707576936649121800,0.266121826171875,0.046436309814453125,0.04018878936767578,0.1675424575805664
1707576936668014300,0.285014404296875,0.06305122375488281,0.027033329010009766,0.19665884971618652
1707576936686907000,0.303906982421875,0.043460845947265625,-0.01643657684326172,0.2062758207321167
1707576936705799400,0.32279931640625,0.07053279876708984,-0.04082012176513672,0.19218575954437256
1707576936724692000,0.34169189453125,-0.009037971496582031,-0.054877281188964844,0.15467393398284912
1707576936743584500,0.36058447265625,-0.01672649383544922,-0.08925962448120117,0.13299119472503662
1707576936762477000,0.37947705078125,0.03446388244628906,-0.037189483642578125,0.03737473487854004
1707576936781369600,0.39836962890625,0.08625030517578125,-0.02862405776977539,-0.07165360450744629
1707576936800262100,0.41726220703125,0.09119510650634766,-0.012006759643554688,-0.14603793621063232
1707576936819154700,0.43615478515625,0.06964302062988281,-0.02732992172241211,-0.18470048904418945
1707576936838047200,0.455047119140625,-0.022798538208007812,-0.008050918579101562,-0.20493805408477783
1707576936856939800,0.473939697265625,-0.06885910034179688,0.020497798919677734,-0.19303524494171143
1707576936875832300,0.492832275390625,-0.08928298950195312,0.04390239715576172,-0.15533149242401123
1707576936894725000,0.51172509765625,-0.11932945251464844,0.03870534896850586,-0.07988846302032471
1707576936913617400,0.530617431640625,-0.08870983123779297,0.030494213104248047,-0.004183053970336914
1707576936932510200,0.54951025390625,-0.008879661560058594,0.03967761993408203,0.04295611381530762
1707576936951402800,0.56840283203125,0.06354808807373047,0.03126096725463867,0.08369779586791992
1707576936970295300,0.58729541015625,0.08378791809082031,0.012307167053222656,0.1356208324432373
1707576936989187800,0.606187744140625,0.04819774627685547,0.007513999938964844,0.1660299301147461
1707576937008080400,0.625080322265625,-0.0019121170043945312,-0.022913455963134766,0.214807391166687
1707576937026973000,0.643972900390625,-0.0644674301147461,0.030167579650878906,0.15355610847473145
1707576937045865500,0.662865478515625,-0.06859302520751953,0.04400205612182617,0.06599700450897217
1707576937064758000,0.681758056640625,-0.07111358642578125,0.012551307678222656,0.02670586109161377
1707576937083650600,0.700650634765625,-0.07833099365234375,-0.04050493240356445,0.011989355087280273
1707576937102543000,0.719543212890625,-0.048811912536621094,-0.019773483276367188,-0.004941225051879883
1707576937121435600,0.738435546875,0.013214111328125,-0.009067058563232422,-0.09794700145721436
1707576937140328200,0.757328125,0.06449222564697266,0.0005974769592285156,-0.09683704376220703
1707576937159220700,0.776220703125,0.0401763916015625,-0.012374401092529297,-0.10090482234954834
1707576937178113300,0.79511328125,0.023193359375,-0.006399631500244141,-0.10828471183776855
1707576937197006000,0.814006103515625,0.009473800659179688,0.0002040863037109375,-0.08509969711303711
1707576937215898400,0.8328984375,-0.02378082275390625,0.004275321960449219,-0.04865455627441406
1707576937234791200,0.851791259765625,-0.03991508483886719,-0.010830879211425781,0.011690735816955566
1707576937253683700,0.87068359375,-0.06767463684082031,0.010042190551757812,0.05574798583984375
1707576937272576300,0.889576171875,-0.06092262268066406,0.05115222930908203,0.1153864860534668
1707576937291468800,0.90846875,-0.01300048828125,0.0512537956237793,0.10846614837646484
1707576937310361300,0.927361328125,0.06344795227050781,0.05935335159301758,0.098244309425354
1707576937329254000,0.94625390625,0.0672006607055664,-0.02071380615234375,0.10222232341766357
1707576937348146400,0.965146484375,0.05950927734375,-0.014620780944824219,0.08226001262664795
1707576937367039000,0.9840390625,0.03175163269042969,-0.04092264175415039,0.028022050857543945
1707576937385931500,1.002931640625,-0.02294445037841797,-0.03922271728515625,-0.013150334358215332
1707576937404824000,1.021823974609375,-0.05559539794921875,-0.042326927185058594,-0.07383215427398682
1707576937423716600,1.040716552734375,-0.03443717956542969,-0.00914764404296875,-0.08549857139587402
1707576937442609200,1.059609130859375,0.013323783874511719,-0.0017895698547363281,-0.10570454597473145
1707576937461501700,1.078501708984375,0.037117958068847656,-0.0027551651000976562,-0.08929753303527832
1707576937480394500,1.09739453125,0.0417938232421875,0.014594554901123047,-0.056336045265197754
1707576937499286800,1.116286865234375,0.036014556884765625,0.02048969268798828,-0.02383124828338623
1707576937518179600,1.1351796875,-0.008754730224609375,0.008202075958251953,0.02230668067932129
1707576937537072000,1.154072021484375,-0.01848602294921875,0.0031299591064453125,0.04592561721801758
1707576937555964700,1.172964599609375,-0.060439109802246094,0.007710933685302734,0.08503544330596924
1707576937574857200,1.191857177734375,-0.0716714859008789,0.011914730072021484,0.08121383190155029
1707576937593749800,1.210749755859375,-0.03967475891113281,0.027576923370361328,0.06270051002502441
1707576937612642300,1.229642333984375,-0.02923583984375,-0.0038924217224121094,0.0431438684463501
1707576937631534800,1.248534912109375,-0.022771835327148438,-0.007435321807861328,0.010375022888183594
1707576937650427400,1.267427490234375,-0.015417098999023438,-0.001018524169921875,-0.011037945747375488
1707576937669320000,1.28631982421875,-0.012494087219238281,-0.0017805099487304688,0.013902783393859863
1707576937688212500,1.30521240234375,-0.02613067626953125,0.001129150390625,0.01946580410003662
1707576937707105000,1.32410498046875,0.013933181762695312,0.02292633056640625,-0.015555143356323242
1707576937725997600,1.34299755859375,0.04220294952392578,0.018944740295410156,-0.023308992385864258
1707576937744890000,1.36189013671875,0.04466056823730469,-0.01752614974975586,-0.004116654396057129
1707576937763783000,1.380782958984375,0.026964187622070312,-0.0087432861328125,0.02041041851043701
1707576937782675500,1.399675537109375,0.02430438995361328,-0.0020384788513183594,-0.006865024566650391
1707576937801568000,1.418568115234375,-0.005063056945800781,-0.0005788803100585938,-0.021596431732177734
1707576937820460500,1.43746044921875,-0.033687591552734375,0.0006737709045410156,-0.016773700714111328
1707576937839353000,1.45635302734375,-0.06339645385742188,-0.018067359924316406,-0.009835243225097656
1707576937858245600,1.47524560546875,-0.075225830078125,0.011806011199951172,0.004764437675476074
1707576937877138200,1.49413818359375,-0.01797771453857422,0.040328025817871094,0.004919767379760742
1707576937896030700,1.51303076171875,-0.03295707702636719,0.022878170013427734,0.05140841007232666
1707576937914923300,1.53192333984375,0.04724884033203125,0.028562068939208984,0.05289578437805176
1707576937933815800,1.55081591796875,0.0831766128540039,0.00897979736328125,0.03606867790222168
1707576937952708400,1.569708251953125,0.14690113067626953,0.0076885223388671875,0.020292043685913086
1707576937971601000,1.588600830078125,0.12180423736572266,-0.016822338104248047,-0.010356783866882324
1707576937990493400,1.607493408203125,0.07404708862304688,-0.05306720733642578,-0.03272807598114014
1707576938009386200,1.62638623046875,0.03097057342529297,-0.02864217758178711,-0.03793764114379883
1707576938028278800,1.64527880859375,-0.0148468017578125,-0.019832134246826172,-0.04424917697906494
1707576938047171300,1.66417138671875,-0.06631946563720703,0.004912376403808594,-0.0009020566940307617
1707576938066064000,1.68306396484375,-0.1070108413696289,-0.0075893402099609375,-0.02699911594390869
1707576938084956400,1.701956298828125,-0.11725139617919922,0.006934642791748047,0.001370072364807129
1707576938103849000,1.720848876953125,-0.11025714874267578,0.020062923431396484,0.0510023832321167
1707576938122741500,1.739741455078125,-0.07347965240478516,0.03674936294555664,0.05793881416320801
1707576938141634000,1.758634033203125,0.023862838745117188,0.0458073616027832,0.03345763683319092
1707576938160526600,1.777526611328125,0.13438034057617188,0.03814888000488281,-0.001695871353149414
1707576938179419100,1.796419189453125,0.18387126922607422,-0.0023183822631835938,-0.00413668155670166
1707576938198311700,1.815311767578125,0.16122913360595703,-0.056385040283203125,-0.02405691146850586
1707576938217204200,1.834204345703125,0.07142257690429688,-0.07927703857421875,-0.036495089530944824
1707576938236097000,1.853096923828125,-0.01668262481689453,-0.056143760681152344,-0.03756678104400635
1707576938254989600,1.871989501953125,-0.10692024230957031,-0.02471637725830078,-0.0349268913269043
1707576938273882000,1.890882080078125,-0.15149879455566406,0.004548072814941406,-0.001730799674987793
1707576938292774700,1.909774658203125,-0.14161968231201172,0.02548503875732422,-0.0005774497985839844
1707576938311667200,1.928667236328125,-0.08458805084228516,0.043326377868652344,0.04235422611236572
1707576938330559700,1.947559814453125,-0.000988006591796875,0.04019594192504883,0.08026933670043945
1707576938349452300,1.966452392578125,0.08873367309570312,0.03457355499267578,0.05338239669799805
1707576938368344800,1.9853447265625,0.10739898681640625,0.02173614501953125,0.06567692756652832
1707576938387237400,2.0042373046875,0.0921173095703125,-0.008484363555908203,0.05529332160949707
1707576938406130000,2.0231298828125,0.0522003173828125,-0.039020538330078125,0.0015904903411865234
1707576938425022500,2.0420224609375,-0.011745452880859375,-0.029607295989990234,-0.03639233112335205
1707576938443915000,2.0609150390625,-0.05010032653808594,-0.03958749771118164,-0.031496524810791016
1707576938462807800,2.079807861328125,-0.08905315399169922,-0.017933368682861328,-0.04717302322387695
1707576938481700400,2.098700439453125,-0.05737876892089844,-0.002418994903564453,-0.036965131759643555
1707576938500593000,2.117593017578125,0.00384521484375,-0.0066318511962890625,-0.010436058044433594
1707576938519485400,2.1364853515625,0.05603313446044922,-0.004812717437744141,0.01936328411102295
1707576938538378000,2.1553779296875,0.08258438110351562,0.020009517669677734,0.006337404251098633
1707576938557270500,2.1742705078125,0.0646829605102539,-0.013676643371582031,0.0006903409957885742
1707576938576163000,2.1931630859375,0.04858207702636719,-0.005265712738037109,0.013265252113342285
1707576938595055600,2.2120556640625,0.014994621276855469,0.0019278526306152344,0.013502836227416992
1707576938613948200,2.2309482421875,-0.05611610412597656,0.004895210266113281,0.014529824256896973
1707576938632840700,2.2498408203125,-0.12119293212890625,-0.0016689300537109375,0.0022705793380737305
1707576938651733200,2.268733154296875,-0.09488105773925781,0.01801013946533203,-0.0017685890197753906
1707576938670626000,2.2876259765625,-0.07374000549316406,0.03798389434814453,0.013937115669250488
1707576938689518300,2.306518310546875,0.016012191772460938,0.019005775451660156,0.028881549835205078
1707576938708411100,2.3254111328125,0.08568668365478516,0.016276836395263672,0.0027905702590942383
1707576938727303700,2.3443037109375,0.07873249053955078,-0.012856006622314453,0.001122117042541504
1707576938746196200,2.3631962890625,0.057015419006347656,-0.04077005386352539,0.004318356513977051
1707576938765088800,2.3820888671875,0.010613441467285156,-0.024520397186279297,0.0176393985748291
1707576938783981300,2.400981201171875,-0.0069122314453125,-0.008981704711914062,-0.0023043155670166016
1707576938802873900,2.419873779296875,-0.02711009979248047,-0.008410930633544922,-0.025536775588989258
1707576938821766400,2.438766357421875,-0.045662879943847656,-0.027458667755126953,-0.05126345157623291
1707576938840659000,2.457658935546875,-0.004924774169921875,-0.011633872985839844,-0.04390573501586914
1707576938859551500,2.476551513671875,0.0159149169921875,0.004431724548339844,0.012198090553283691
1707576938878444300,2.4954443359375,0.03118133544921875,0.019253253936767578,0.022171497344970703
1707576938897336600,2.514336669921875,0.02212238311767578,0.021225929260253906,0.010034680366516113
1707576938916229400,2.5332294921875,-0.018955230712890625,0.014277458190917969,0.04200315475463867
1707576938935122000,2.552121826171875,-0.021085739135742188,-0.0024404525756835938,0.02907383441925049
1707576938954014500,2.571014404296875,-0.04129981994628906,-0.008525371551513672,0.00748133659362793
1707576938972907000,2.589906982421875,0.0022230148315429688,-0.0027837753295898438,-0.012573003768920898
1707576938991799600,2.608799560546875,0.01578521728515625,0.001209259033203125,-0.0077533721923828125
1707576939010692000,2.627692138671875,0.014432907104492188,-0.01830148696899414,-0.00013077259063720703
1707576939029584600,2.646584716796875,0.014972686767578125,-0.0028314590454101562,-0.000020742416381835938
1707576939048477200,2.665477294921875,-0.0016260147094726562,0.006548404693603516,0.011711359024047852
1707576939067369700,2.68436962890625,-0.02800464630126953,0.006369590759277344,0.02465355396270752
1707576939086262500,2.703262451171875,-0.052054405212402344,0.0003085136413574219,0.025765419006347656
1707576939105154800,2.72215478515625,-0.05647087097167969,0.0068759918212890625,0.030042529106140137
1707576939124047600,2.741047607421875,-0.023365020751953125,0.008314132690429688,0.0011303424835205078
1707576939142940200,2.759940185546875,0.03136634826660156,0.02483081817626953,0.0009660720825195312
1707576939161832700,2.778832763671875,0.06055927276611328,-0.0016307830810546875,-0.027131080627441406
1707576939180725200,2.797725341796875,0.053931236267089844,-0.030253887176513672,-0.014909505844116211
1707576939199617800,2.81661767578125,0.029911041259765625,-0.04242086410522461,-0.0032881498336791992
1707576939218510300,2.83551025390625,-0.014994621276855469,-0.02588510513305664,-0.016499042510986328
1707576939237403000,2.85440283203125,-0.057188987731933594,-0.006496429443359375,0.007178187370300293
1707576939256295400,2.87329541015625,-0.07139301300048828,0.008869647979736328,0.027089834213256836
1707576939275188000,2.89218798828125,-0.07177066802978516,0.002040386199951172,0.008956313133239746
1707576939294080800,2.911080810546875,-0.015899658203125,0.02536773681640625,0.026844143867492676
1707576939312973000,2.92997314453125,0.06615257263183594,0.011884212493896484,0.03240859508514404
1707576939331865900,2.948865966796875,0.06691551208496094,0.011990547180175781,0.0258786678314209
1707576939350758400,2.96775830078125,0.0764303207397461,0.008141517639160156,0.03262484073638916
1707576939369651000,2.98665087890625,0.07069683074951172,-0.016735076904296875,-0.003798961639404297
1707576939388543500,3.00554345703125,-0.006596565246582031,-0.016127586364746094,-0.010304689407348633
1707576939407436000,3.02443603515625,-0.03703784942626953,-0.013506412506103516,-0.010358214378356934
1707576939426328600,3.04332861328125,-0.05153942108154297,-0.013822078704833984,-0.012508273124694824
1707576939445221000,3.06222119140625,-0.02356243133544922,0.001991748809814453,-0.02151787281036377
1707576939464113700,3.08111376953125,0.011968612670898438,0.0009207725524902344,-0.013291120529174805
1707576939483006200,3.100006103515625,0.031388282775878906,0.007141590118408203,-0.027914881706237793
1707576939501898800,3.118898681640625,0.037360191345214844,-0.008051395416259766,0.028174757957458496
1707576939520791600,3.13779150390625,0.015838623046875,-0.0046825408935546875,0.019965291023254395
1707576939539684000,3.15668408203125,-0.014704704284667969,0.010589122772216797,0.01941812038421631
1707576939558576600,3.17557666015625,-0.02037525177001953,0.029498577117919922,0.0003069639205932617
1707576939577469200,3.19446923828125,-0.021080970764160156,0.013901710510253906,-0.009908676147460938
1707576939596361700,3.21336181640625,-0.02279949188232422,-0.0004115104675292969,0.013680696487426758
1707576939615254300,3.232254150390625,-0.015073776245117188,-0.012306690216064453,0.004587888717651367
1707576939634146800,3.251146728515625,-0.007895469665527344,-0.00983428955078125,-0.028203487396240234
1707576939653039400,3.270039306640625,0.012072563171386719,-0.007833480834960938,-0.006661891937255859
1707576939671932000,3.288931884765625,0.04639244079589844,0.004055023193359375,-0.010958075523376465
1707576939690824700,3.30782470703125,0.047377586364746094,-0.015826702117919922,-0.006325483322143555
1707576939709717000,3.326717041015625,0.03392314910888672,-0.008862972259521484,-0.0012956857681274414
1707576939728609800,3.34560986328125,-0.012537956237792969,-0.013012409210205078,0.008659005165100098
1707576939747502300,3.36450244140625,-0.04474830627441406,0.007208347320556641,0.03913867473602295
1707576939766395000,3.383394775390625,-0.053063392639160156,0.0034270286560058594,0.03733658790588379
1707576939785287400,3.402287353515625,-0.05124092102050781,0.01670360565185547,0.007309079170227051
1707576939804180000,3.421179931640625,-0.024115562438964844,0.021668434143066406,-0.03818786144256592
1707576939823072500,3.440072509765625,-0.015471458435058594,0.0050411224365234375,-0.013685464859008789
1707576939841965000,3.458965087890625,0.022330284118652344,-0.01581573486328125,-0.017377734184265137
1707576939860857900,3.47785791015625,0.05103015899658203,-0.0008797645568847656,-0.028245210647583008
1707576939879750100,3.496750244140625,0.06194782257080078,0.0012564659118652344,-0.009708523750305176
1707576939898643000,3.515642822265625,0.032937049865722656,-0.03615760803222656,-0.01333153247833252
1707576939917535500,3.534535400390625,-0.0014820098876953125,-0.022325515747070312,-0.008887171745300293
1707576939936428000,3.553427978515625,-0.034351348876953125,-0.011228084564208984,-0.005054593086242676
1707576939955320600,3.572320556640625,-0.056525230407714844,0.014574050903320312,0.023949027061462402
1707576939974213000,3.591213134765625,-0.036499977111816406,0.03422689437866211,0.021178126335144043
1707576939993105700,3.610105712890625,-0.02472686767578125,0.008000373840332031,0.025765419006347656
1707576940011998200,3.628998291015625,0.034270286560058594,0.022400379180908203,0.005250811576843262
1707576940030890800,3.647890869140625,0.03371429443359375,-0.004559993743896484,0.017247438430786133
1707576940049783300,3.666783203125,0.010901451110839844,-0.046912193298339844,0.029330015182495117
1707576940068675800,3.68567578125,-0.007083892822265625,-0.023355484008789062,0.019188761711120605
1707576940087568600,3.704568603515625,-0.0071277618408203125,0.006633281707763672,0.007355928421020508
1707576940106461200,3.723461181640625,0.025421142578125,0.023869037628173828,-0.006835579872131348
1707576940125353700,3.742353759765625,0.03328990936279297,0.008781909942626953,0.006787896156311035
1707576940144246300,3.761246337890625,0.035820960998535156,-0.009674549102783203,0.02242720127105713
1707576940163138800,3.780138916015625,-0.004237174987792969,-0.0015368461608886719,-0.03411567211151123
1707576940182031400,3.79903125,-0.03110790252685547,0.02412891387939453,-0.05200934410095215
1707576940200924000,3.817923828125,-0.05188941955566406,0.03057098388671875,-0.04641914367675781
1707576940219816400,3.83681640625,-0.0804433822631836,-0.021332263946533203,-0.02438032627105713
1707576940238709000,3.855708984375,-0.05994987487792969,-0.03393125534057617,-0.03428530693054199
1707576940257601800,3.874601806640625,0.037726402282714844,-0.018321514129638672,-0.03519725799560547
1707576940276494000,3.893494140625,0.0825204849243164,-0.038852691650390625,0.025353670120239258
1707576940295387000,3.912386962890625,0.11626243591308594,-0.0437779426574707,0.055274367332458496
1707576940314279400,3.931279541015625,0.10039997100830078,-0.03828763961791992,0.07910788059234619
1707576940333172000,3.950171875,0.061115264892578125,0.02147960662841797,0.06523537635803223
1707576940352064500,3.969064453125,-0.011554718017578125,0.03835344314575195,0.0645674467086792
1707576940370957000,3.98795703125,-0.08522319793701172,0.03867959976196289,0.06127333641052246
1707576940389849600,4.006849609375,-0.11557388305664062,0.039530277252197266,0.025114774703979492
1707576940408742100,4.0257421875,-0.11328697204589844,0.03284645080566406,-0.001233816146850586
1707576940427634700,4.044634765625,-0.0972452163696289,0.022550106048583984,-0.03560996055603027
1707576940446527500,4.063527587890625,-0.03138923645019531,0.00319671630859375,-0.07227051258087158
1707576940465420000,4.082419921875,0.04727363586425781,-0.02302074432373047,-0.09217095375061035
1707576940484312600,4.1013125,0.09035873413085938,-0.04943084716796875,-0.0696868896484375
1707576940503205000,4.120205078125,0.09290122985839844,-0.05843496322631836,-0.07146847248077393
1707576940522097700,4.13909765625,0.07591056823730469,-0.05419111251831055,-0.040392279624938965
1707576940540990200,4.157990234375,0.026720046997070312,-0.028518199920654297,0.004724979400634766
1707576940559882800,4.1768828125,-0.01946735382080078,0.012461185455322266,0.06444203853607178
1707576940578775300,4.195775390625,-0.04409217834472656,0.031681060791015625,0.1115502119064331
1707576940597667800,4.214667724609375,-0.0714883804321289,0.05106496810913086,0.14856350421905518
1707576940616560600,4.233560546875,-0.09472274780273438,0.06917619705200195,0.148431658744812
1707576940635453000,4.252452880859375,-0.07878684997558594,0.054739952087402344,0.10457015037536621
1707576940654345700,4.271345703125,-0.06315994262695312,0.04530906677246094,0.03546023368835449
1707576940673238300,4.29023828125,-0.0019435882568359375,0.044925689697265625,-0.022078633308410645
1707576940692130800,4.309130859375,0.05256366729736328,0.006079673767089844,-0.12571799755096436
1707576940711023400,4.3280234375,0.08670711517333984,-0.03498268127441406,-0.11716997623443604
1707576940729916000,4.346916015625,0.12940120697021484,-0.058542728424072266,-0.1387031078338623
1707576940748808400,4.365808349609375,0.12269306182861328,-0.0779266357421875,-0.1269054412841797
1707576940767701000,4.384700927734375,0.08254718780517578,-0.04859352111816406,-0.06835603713989258
1707576940786593800,4.40359375,0.034012794494628906,-0.03482532501220703,0.0051267147064208984
1707576940805486300,4.422486328125,-0.021520614624023438,0.002154827117919922,0.1253645420074463
1707576940824379000,4.44137890625,-0.05711078643798828,0.062394142150878906,0.28797388076782227
1707576940843271400,4.460271484375,0.06597900390625,0.2016000747680664,0.5305590629577637
1707576940862164000,4.4791640625,0.30799198150634766,0.35532522201538086,1.1675472259521484
1707576940881056500,4.498056396484375,0.5097990036010742,0.6643309593200684,1.8319623470306396
1707576940899949000,4.516948974609375,0.937342643737793,0.9337739944458008,2.2400898933410645
1707576940918841600,4.535841552734375,1.4088973999023438,1.1603193283081055,2.019683837890625
1707576940937734100,4.554734130859375,2.259566307067871,1.3666744232177734,1.4916257858276367
1707576940956626700,4.573626708984375,2.4529800415039062,0.9498162269592285,1.1565663814544678
1707576940975519500,4.59251953125,1.6513891220092773,0.27892422676086426,0.7718746662139893
1707576940994412000,4.611412109375,0.37582921981811523,0.0745546817779541,-0.017621994018554688
1707576941013304600,4.6303046875,-0.8892326354980469,-0.1488018035888672,-0.08532857894897461
1707576941032197000,4.649197021484375,-1.6684789657592773,-0.8807103633880615,-0.25933170318603516
1707576941051089700,4.668089599609375,-1.6502537727355957,-1.1947014331817627,-1.053926944732666
1707576941069982200,4.686982177734375,-1.7005786895751953,-1.1686241626739502,-1.058997631072998
1707576941088874800,4.705874755859375,-2.1277589797973633,-1.329876184463501,-0.9469518661499023
1707576941107767300,4.724767333984375,-2.3101415634155273,-1.4484330415725708,-0.8648314476013184
1707576941126659800,4.743659912109375,-1.284691333770752,-1.1648530960083008,-0.9037997722625732
1707576941145552600,4.762552734375,2.974339485168457,0.34765124320983887,-0.8124580383300781
1707576941164445200,4.781445068359375,0.455047607421875,-0.44481515884399414,1.0772161483764648
1707576941183337700,4.800337646484375,-1.2480545043945312,1.1108734607696533,-2.1275835037231445
1707576941202230300,4.819230224609375,-1.7527761459350586,-0.6187872886657715,-3.2438740730285645
1707576941221122800,4.838122802734375,-2.4407172203063965,-2.1400680541992188,-4.242239475250244
1707576941240015400,4.857015380859375,-0.1840372085571289,-1.4499399662017822,-3.5609865188598633
1707576941258908000,4.875907958984375,4.138584136962891,-0.43948984146118164,-1.7118111848831177
1707576941277800400,4.894800537109375,6.728847503662109,-1.3796827793121338,1.0948827266693115
1707576941296693200,4.913693359375,8.381730079650879,-0.39195823669433594,1.500828742980957
1707576941315585800,4.932585693359375,6.646216869354248,-1.6005465984344482,0.20585870742797852
1707576941334478300,4.951478271484375,6.674771308898926,-2.119647979736328,-2.978854179382324
1707576941353371000,4.970370849609375,7.785487174987793,-3.081110954284668,-3.960181713104248
1707576941372263400,4.989263427734375,8.02674388885498,-3.029745101928711,-5.318045616149902
1707576941391156000,5.008156005859375,5.921793460845947,-3.8845958709716797,-6.149316787719727
1707576941410048500,5.027048583984375,4.949122905731201,-4.196894645690918,-5.744941234588623
1707576941428941000,5.045941162109375,4.266507148742676,-3.967144250869751,-4.366008758544922
1707576941447833900,5.064833740234375,2.065011978149414,-3.548692226409912,-4.9634857177734375
1707576941466726400,5.083726318359375,-1.305799961090088,-2.4245755672454834,-6.798089027404785
1707576941485619000,5.102618896484375,-4.183478355407715,-1.212644100189209,-7.422307014465332
1707576941504511500,5.121511474609375,-5.6219377517700195,-0.2765951156616211,-6.965166091918945
1707576941523404000,5.140404052734375,-4.707362174987793,-0.15347528457641602,-4.504547119140625
1707576941542296600,5.159296630859375,-1.8018131256103516,-0.5037970542907715,-1.7760156393051147
1707576941561189000,5.178189208984375,0.5525317192077637,-0.6147294044494629,0.6510906219482422
1707576941580082000,5.19708203125,0.9375457763671875,-0.1708545684814453,1.5704431533813477
1707576941598974500,5.215974365234375,0.3453102111816406,0.11170005798339844,1.1625310182571411
1707576941617867000,5.234866943359375,-0.032713890075683594,0.1486663818359375,0.3360227346420288
1707576941636759600,5.253759521484375,-0.5733547210693359,0.0948190689086914,-0.424100399017334
1707576941655652000,5.272652099609375,-0.9538173675537109,0.03512239456176758,-1.116791844367981
1707576941674544600,5.291544677734375,-1.250758171081543,-0.06905603408813477,-1.7017862796783447
1707576941693437200,5.310437255859375,-1.8590679168701172,-0.05870389938354492,-2.220778465270996
1707576941712329700,5.329329833984375,-3.2166714668273926,-0.14441728591918945,-3.3190484046936035
1707576941731222500,5.348222412109375,-6.075336456298828,-0.49720191955566406,-5.311319351196289
1707576941750114800,5.36711474609375,-9.396456718444824,-1.8242974281311035,-6.922827243804932
1707576941769007600,5.386007568359375,-10.94105052947998,-3.252183437347412,-9.312494277954102
1707576941787900200,5.404900146484375,-4.600110054016113,-5.684217929840088,-19.82759666442871
1707576941806792700,5.423792724609375,6.337972640991211,-8.720943450927734,-24.655860900878906
1707576941825685200,5.442685302734375,12.076318740844727,-10.580812454223633,-14.99422836303711
1707576941844577800,5.461577880859375,19.530712127685547,-4.6672587394714355,-7.436273574829102
1707576941863470300,5.48047021484375,17.491796493530273,-2.0880126953125,-0.7288930416107178
1707576941882363100,5.499363037109375,8.15452766418457,-1.9298142194747925,5.891462326049805
1707576941901255400,5.51825537109375,1.1073265075683594,-1.809114694595337,6.295668125152588
1707576941920148200,5.537148193359375,-3.143587112426758,-0.26480770111083984,2.1490461826324463
1707576941939040800,5.556040771484375,-6.527666091918945,0.3396577835083008,-2.3765275478363037
1707576941957933300,5.574933349609375,-5.345264911651611,-0.05583977699279785,-3.262303352355957
1707576941976825900,5.593825927734375,-1.9126944541931152,-0.006922483444213867,-2.335951566696167
1707576941995718400,5.612718505859375,0.600738525390625,0.06499123573303223,-1.8213521242141724
1707576942014611000,5.63161083984375,1.9904003143310547,0.26967477798461914,-2.1006197929382324
1707576942033503700,5.650503662109375,1.4788475036621094,0.2212522029876709,-1.6538619995117188
1707576942052443400,5.669443359375,0.6278104782104492,0.2460017204284668,-0.9962791204452515
1707576942071288800,5.688288818359375,0.06378936767578125,0.2653634548187256,-0.11517632007598877
1707576942090181400,5.707181396484375,-0.6609725952148438,0.18625521659851074,-0.195123553276062
1707576942109074000,5.726073974609375,-1.2968101501464844,0.1781158447265625,-0.45673203468322754
1707576942127966500,5.744966552734375,-2.003848075866699,0.19878458976745605,-0.37559080123901367
1707576942146859000,5.76385888671875,-2.932382583618164,0.31038975715637207,-0.1281583309173584
1707576942165751800,5.782751708984375,-2.906773567199707,0.18842196464538574,-0.7006433010101318
1707576942184644400,5.801644287109375,-2.6231231689453125,0.07762312889099121,-0.9921243190765381
1707576942203537000,5.820536865234375,-2.5974669456481934,0.11939454078674316,-0.653031587600708
1707576942222429400,5.839429443359375,-1.8563566207885742,-0.0028738975524902344,-0.6355063915252686
1707576942241322000,5.858322021484375,-0.3616151809692383,-0.3946434259414673,-1.8383806943893433
1707576942260214500,5.877214599609375,0.8543901443481445,-0.6808743476867676,-2.9154982566833496
1707576942279107000,5.896107177734375,1.310572624206543,-0.29673314094543457,-2.7340943813323975
1707576942297999600,5.91499951171875,2.194766044616699,-0.9475904107093811,-2.5398619174957275
1707576942316892200,5.93389208984375,2.306546211242676,-1.0990620851516724,-2.0356345176696777
1707576942335784700,5.95278466796875,1.8037586212158203,-0.7992395162582397,-1.7755014896392822
1707576942354677500,5.971677490234375,1.3294048309326172,-0.6432687640190125,-1.462273120880127
1707576942373570000,5.990570068359375,1.2261981964111328,-0.5783752799034119,-1.5614547729492188
1707576942392462600,6.009462646484375,0.7038364410400391,-0.37421295046806335,-1.4216430187225342
1707576942411355100,6.028355224609375,0.24227333068847656,-0.39960628747940063,-1.333695411682129
1707576942430247700,6.04724755859375,0.34401798248291016,-0.139654278755188,-1.0228471755981445
1707576942449140200,6.06614013671875,0.25816822052001953,-0.0089854896068573,-0.7463405132293701
1707576942468032800,6.08503271484375,0.6418533325195312,-0.09729547798633575,-0.7752389907836914
1707576942486925600,6.103925537109375,0.3848237991333008,0.06479549407958984,-0.39127516746520996
1707576942505818000,6.122818115234375,-0.07837772369384766,0.02445283532142639,-0.5207569599151611
1707576942524710700,6.141710693359375,-0.37565135955810547,0.15861350297927856,-0.3318779468536377
1707576942543603200,6.160603271484375,-0.3382692337036133,0.12902003526687622,-0.3689572811126709
1707576942562495700,6.179495849609375,-0.27382755279541016,0.09044167399406433,-0.48918652534484863
1707576942581388300,6.19838818359375,-0.2665700912475586,0.04889041185379028,-0.6588568687438965
1707576942600280800,6.21728076171875,-0.4269447326660156,0.1265217661857605,-0.5105304718017578
1707576942619173600,6.236173583984375,-0.3116016387939453,0.18984270095825195,-0.30515456199645996
1707576942638066200,6.255066162109375,-0.531524658203125,0.33064383268356323,-0.22849082946777344
1707576942656958700,6.273958740234375,-0.5096588134765625,0.24452310800552368,-0.49141550064086914
1707576942675851300,6.292851318359375,-0.5057306289672852,0.22956830263137817,-0.45705676078796387
1707576942694743800,6.311743896484375,-0.5792303085327148,0.278057336807251,-0.46433448791503906
1707576942713636400,6.33063623046875,-0.6761684417724609,0.19936078786849976,-0.7534339427947998
1707576942732529000,6.34952880859375,-0.5195388793945312,0.11110156774520874,-0.7351667881011963
1707576942751421400,6.36842138671875,-0.41878509521484375,0.11871397495269775,-0.5787415504455566
1707576942770314200,6.387314208984375,-0.3790721893310547,0.13966971635818481,-0.597196102142334
1707576942789206800,6.406206787109375,-0.19707775115966797,0.2379325032234192,-0.7651746273040771
1707576942808099300,6.425099365234375,-0.3539619445800781,0.10355496406555176,-0.5773279666900635
1707576942826991900,6.443991943359375,0.2786264419555664,0.36860787868499756,0.03779196739196777
1707576942845884400,6.462884521484375,0.4219961166381836,-0.17592903971672058,-0.5028443336486816
1707576942864777000,6.48177685546875,-1.0129947662353516,0.026153266429901123,-1.331024169921875
1707576942883669500,6.50066943359375,-0.5922946929931641,-0.3386967182159424,-1.7863035202026367
1707576942902562000,6.51956201171875,0.5123529434204102,-0.3140050768852234,-1.636725902557373
1707576942921454600,6.53845458984375,0.38077449798583984,-0.30929869413375854,-0.9212121963500977
1707576942940347400,6.557347412109375,0.3653583526611328,-0.12332630157470703,-0.532404899597168
1707576942959240000,6.576239990234375,0.33502674102783203,-0.02293980121612549,-0.41283488273620605
1707576942978132500,6.595132568359375,0.2154703140258789,0.045369625091552734,-0.47994184494018555
1707576942997025000,6.61402490234375,0.3254528045654297,0.09697926044464111,-0.2539033889770508
1707576943015917600,6.63291748046875,0.32720184326171875,0.13133573532104492,0.09337425231933594
1707576943034810000,6.65181005859375,-0.2565326690673828,0.4468536376953125,0.3824887275695801
1707576943053702700,6.67070263671875,-0.99151611328125,0.43266528844833374,0.31015467643737793
1707576943072595500,6.689595458984375,-0.9444561004638672,0.3153679370880127,-0.35703182220458984
1707576943091488000,6.708488037109375,-0.35311126708984375,-0.0830153226852417,-0.9982104301452637
1707576943110380500,6.727380615234375,0.21541404724121094,-0.49275660514831543,-1.3454519510269165
1707576943129273000,6.746273193359375,0.5463237762451172,-0.693904459476471,-1.9624680280685425
1707576943148165600,6.76516552734375,1.420180320739746,-1.0506848096847534,-2.5584545135498047
1707576943167058200,6.78405810546875,3.362542152404785,-1.3448901176452637,-1.1950329542160034
1707576943185951000,6.802950927734375,5.147186279296875,-1.3966635465621948,0.343159556388855
1707576943204843500,6.821843505859375,4.963474273681641,-0.9818198680877686,-1.0033708810806274
1707576943223736000,6.840736083984375,3.628413200378418,-1.6514925956726074,-0.7684103846549988
1707576943242628600,6.859628662109375,2.1855602264404297,-1.6229729652404785,-0.2271549105644226
1707576943261521200,6.878521240234375,1.721400260925293,-1.2477059364318848,-0.4935818910598755
1707576943280413700,6.89741357421875,0.3137025833129883,-1.4512677192687988,-0.4988704323768616
1707576943299306200,6.91630615234375,-2.271695137023926,-1.66731595993042,0.6651051044464111
1707576943318198800,6.93519873046875,-4.64512825012207,-1.1968307495117188,2.1473913192749023
1707576943337091600,6.954091552734375,-6.396575927734375,-1.0523138046264648,3.6314918994903564
1707576943355984100,6.972984130859375,-8.216638565063477,-0.8587126731872559,3.59561824798584
1707576943374876700,6.991876708984375,-10.050027847290039,-1.1203913688659668,1.6195223331451416
1707576943393769200,7.010769287109375,-10.515625,-1.548818588256836,0.6262421607971191
1707576943412661800,7.029661865234375,-7.684449672698975,-1.5242843627929688,0.3524892330169678
1707576943431554300,7.04855419921875,-3.2699851989746094,-1.009718894958496,-1.5690441131591797
1707576943450446800,7.06744677734375,0.1421523094177246,-1.0756726264953613,-2.6071372032165527
1707576943469339400,7.08633935546875,3.219636917114258,-2.231442451477051,-2.2845945358276367
1707576943488232200,7.105232177734375,4.5150299072265625,-1.728041410446167,-2.3872997760772705
1707576943507124700,7.124124755859375,3.10477352142334,0.009101390838623047,-1.463019847869873
1707576943526017300,7.143017333984375,5.212698936462402,1.2785253524780273,-3.0616934299468994
1707576943544909800,7.161909912109375,6.413983345031738,-0.7316441535949707,-2.3596584796905518
1707576943563802400,7.18080224609375,6.319070816040039,-1.1993260383605957,-2.2280752658843994
1707576943582695000,7.19969482421875,4.997539520263672,-1.2183785438537598,-2.6078569889068604
1707576943601587500,7.21858740234375,3.032686233520508,-1.804736614227295,-2.3833303451538086
1707576943620480000,7.23747998046875,0.9800920486450195,-1.826578140258789,-1.819401502609253
1707576943639372800,7.256372802734375,-0.991551399230957,-1.400437355041504,-1.0945109128952026
1707576943658265300,7.275265380859375,-2.232476234436035,-0.9028849601745605,-0.8615487813949585
1707576943677158000,7.294157958984375,-3.161686420440674,-0.6466078758239746,-0.7822645902633667
1707576943696050400,7.313050537109375,-3.2796096801757812,-0.3709092140197754,-0.7845171689987183
1707576943714943000,7.33194287109375,-2.4890551567077637,-0.06814384460449219,-0.5940417647361755
1707576943733835500,7.35083544921875,-1.3982577323913574,0.18403339385986328,-0.20894461870193481
1707576943752728000,7.36972802734375,-0.5231280326843262,0.16531896591186523,0.0498654842376709
1707576943771620900,7.388620849609375,-0.23241853713989258,-0.00832223892211914,0.07536239176988602
1707576943790513400,7.407513427734375,-0.010029315948486328,0.036469459533691406,0.1954241544008255
1707576943809406000,7.426406005859375,0.08884716033935547,0.10230636596679688,0.5150127410888672
1707576943828298500,7.445298583984375,0.19848394393920898,0.021070480346679688,0.7144083976745605
1707576943847191000,7.46419091796875,0.34666013717651367,0.0036721229553222656,0.7677597999572754
1707576943866083600,7.48308349609375,0.3218655586242676,0.04260873794555664,0.5694026947021484
1707576943884976000,7.50197607421875,0.12904071807861328,0.07678604125976562,0.5711716413497925
1707576943903868700,7.52086865234375,-0.16305017471313477,0.14307165145874023,0.45944875478744507
1707576943922761500,7.539761474609375,-0.5068879127502441,0.15597295761108398,0.2684060335159302
1707576943941654000,7.558654052734375,-0.740574836730957,0.18222999572753906,0.1900196671485901
1707576943960546600,7.577546630859375,-0.9810447692871094,0.12742328643798828,0.2015199065208435
1707576943979439000,7.596439208984375,-1.118217945098877,0.024652481079101562,0.10744136571884155
1707576943998331600,7.61533154296875,-1.2947616577148438,0.05914640426635742,-0.11411350965499878
1707576944017224200,7.63422412109375,-1.5460596084594727,0.024131298065185547,-0.18565857410430908
1707576944036116700,7.65311669921875,-1.2237725257873535,0.140869140625,0.011224746704101562
1707576944055009300,7.67200927734375,-0.5405516624450684,0.067138671875,0.11323058605194092
1707576944073902000,7.690902099609375,-0.17709779739379883,-0.012670040130615234,0.023492932319641113
1707576944092794600,7.709794677734375,0.18165254592895508,0.1081380844116211,-0.22537490725517273
1707576944111687200,7.728687255859375,0.642920970916748,0.10852909088134766,-0.42051374912261963
1707576944130579700,7.747579833984375,0.9709925651550293,-0.06599044799804688,-0.5566084384918213
1707576944149472300,7.76647216796875,1.0675954818725586,-0.1681523323059082,-0.9044914841651917
1707576944168364800,7.78536474609375,0.8558306694030762,-0.26384496688842773,-1.1331045627593994
1707576944187257300,7.80425732421875,0.5990972518920898,-0.3531670570373535,-1.1413443088531494
1707576944206150100,7.823150146484375,0.4230794906616211,-0.3026738166809082,-1.0840415954589844
1707576944225042700,7.842042724609375,0.22623348236083984,-0.28092145919799805,-0.9712311029434204
1707576944243935200,7.860935302734375,0.07583427429199219,-0.2629704475402832,-0.7998045682907104
1707576944262827800,7.879827880859375,-0.0715036392211914,-0.20803070068359375,-0.6810096502304077
1707576944281720300,7.89872021484375,-0.2303934097290039,-0.10434293746948242,-0.6837577223777771
1707576944300612900,7.91761279296875,-0.1048731803894043,-0.05840015411376953,-0.6587402820587158
1707576944319505700,7.936505615234375,0.027144432067871094,-0.07913923263549805,-0.5247540473937988
1707576944338398200,7.955398193359375,0.015972614288330078,-0.03717374801635742,-0.35911259055137634
1707576944357290800,7.974290771484375,-0.020578384399414062,-0.009472846984863281,-0.27309083938598633
1707576944376183300,7.993183349609375,-0.019520282745361328,-0.013304710388183594,-0.23813799023628235
1707576944395075800,8.012075927734376,0.045731544494628906,-0.030522823333740234,-0.23470985889434814
1707576944413968400,8.030968505859375,0.027056217193603516,-0.021608352661132812,-0.23744112253189087
1707576944432861000,8.04986083984375,-0.15652751922607422,0.01377248764038086,-0.167768657207489
1707576944451753500,8.06875341796875,-0.36530542373657227,0.029860496520996094,-0.08147633075714111
1707576944470646300,8.087646240234376,-0.4497060775756836,0.02516651153564453,-0.0772479772567749
1707576944489538800,8.106538818359375,-0.43929243087768555,-0.019747257232666016,-0.16385424137115479
1707576944508431400,8.125431396484375,-0.3898754119873047,-0.07996225357055664,-0.3106765151023865
1707576944527324000,8.144323974609375,-0.3003349304199219,-0.1185002326965332,-0.3595009446144104
1707576944546216400,8.163216552734376,-0.10543203353881836,-0.06067228317260742,-0.31095802783966064
1707576944565109000,8.18210888671875,0.08109807968139648,-0.004657745361328125,-0.3502582013607025
1707576944584001500,8.20100146484375,0.2651176452636719,-0.03585052490234375,-0.45518410205841064
1707576944602894000,8.21989404296875,0.29734134674072266,-0.06077003479003906,-0.47665444016456604
1707576944621787000,8.238786865234376,0.2112116813659668,-0.04823875427246094,-0.434421181678772
1707576944640679400,8.257679443359375,0.1174163818359375,-0.05482149124145508,-0.3641481399536133
1707576944659572000,8.276572021484375,0.1640005111694336,-0.06343698501586914,-0.32021310925483704
1707576944678464500,8.295464599609375,0.14882183074951172,-0.06783628463745117,-0.34023478627204895
1707576944697357000,8.314357177734376,0.07011938095092773,-0.0734243392944336,-0.35496094822883606
1707576944716249600,8.33324951171875,-0.05139923095703125,-0.06714010238647461,-0.3409162759780884
1707576944735142100,8.35214208984375,-0.0978851318359375,-0.059693336486816406,-0.3229941129684448
1707576944754034700,8.37103466796875,-0.11844968795776367,-0.07197046279907227,-0.32917165756225586
1707576944772927500,8.389927490234374,-0.13126325607299805,-0.06459331512451172,-0.2438175082206726
1707576944791820000,8.408820068359375,-0.1291947364807129,-0.01803445816040039,-0.204140305519104
1707576944810712600,8.427712646484375,-0.13012123107910156,-0.008841991424560547,-0.177921324968338
1707576944829605000,8.446605224609375,-0.1177525520324707,-0.027527809143066406,-0.15802228450775146
1707576944848497700,8.46549755859375,-0.0722970962524414,-0.01589202880859375,-0.12624594569206238
1707576944867390500,8.484390380859375,-0.028746604919433594,0.007228374481201172,-0.1193963885307312
1707576944886283000,8.503282958984375,0.015498161315917969,-0.012758731842041016,-0.1848650574684143
1707576944905175600,8.522175537109375,-0.010127067565917969,-0.0532984733581543,-0.23765972256660461
1707576944924068000,8.541068115234374,-0.08381414413452148,-0.05360841751098633,-0.24857839941978455
1707576944942960600,8.559960693359375,-0.11787939071655273,-0.03851652145385742,-0.21060994267463684
1707576944961853200,8.578853271484375,-0.12930583953857422,-0.04147481918334961,-0.19894888997077942
1707576944980745700,8.597745849609375,-0.028178691864013672,-0.005538463592529297,-0.21193209290504456
1707576944999638300,8.61663818359375,0.1258101463317871,-0.006344318389892578,-0.1336890161037445
1707576945018531000,8.635531005859375,0.18184280395507812,-0.004096031188964844,-0.04587402939796448
1707576945037423600,8.654423583984375,0.13761425018310547,-0.009449958801269531,-0.15911182761192322
1707576945056316200,8.673316162109375,0.09606075286865234,-0.022763729095458984,-0.20483547449111938
1707576945075208700,8.692208740234374,0.019472122192382812,-0.010808467864990234,-0.2750055491924286
1707576945094101200,8.711101318359376,-0.009888172149658203,-0.050905704498291016,-0.27513277530670166
1707576945112993800,8.729993896484375,-0.08405017852783203,-0.06464624404907227,-0.22387553751468658
1707576945131886300,8.74888623046875,-0.11211395263671875,-0.06157875061035156,-0.16481992602348328
1707576945150779000,8.76777880859375,-0.08837032318115234,-0.0018548965454101562,-0.077538400888443
1707576945169671700,8.786671630859376,-0.06572961807250977,0.0025877952575683594,-0.0026266276836395264
1707576945188564200,8.805564208984375,-0.08221197128295898,0.0007495880126953125,-0.07638117671012878
1707576945207456800,8.824456787109375,-0.04329633712768555,0.037734031677246094,-0.10577723383903503
1707576945226349300,8.843349365234374,0.018172264099121094,0.0034990310668945312,-0.033756405115127563
1707576945245241900,8.862241943359376,0.014310359954833984,-0.022597312927246094,-0.006081610918045044
1707576945264134400,8.881134521484375,0.0008955001831054688,-0.000045299530029296875,-0.061785101890563965
1707576945283027000,8.90002685546875,-0.08156108856201172,-0.009167671203613281,-0.11906814575195312
1707576945301919700,8.918919677734374,-0.07533931732177734,-0.014339447021484375,-0.17591124773025513
1707576945320812300,8.937812255859376,-0.0711216926574707,-0.027353763580322266,-0.11261311173439026
1707576945339704800,8.956704833984375,-0.004000186920166016,-0.03694772720336914,-0.09998120367527008
1707576945358597400,8.975597412109375,0.09495687484741211,-0.03814077377319336,-0.06411397457122803
1707576945377490000,8.994489990234374,0.09293508529663086,-0.0014600753784179688,-0.0558304488658905
1707576945396382500,9.013382568359376,0.00945425033569336,0.0320892333984375,0.0972202718257904
1707576945415275000,9.03227490234375,-0.022829055786132812,0.07133054733276367,0.22853493690490723
1707576945434167800,9.051167724609375,-0.05275869369506836,0.04139280319213867,0.2031850814819336
1707576945453060400,9.070060302734374,-0.027002334594726562,-0.033034324645996094,-0.05845436453819275
1707576945471953000,9.088952880859376,-0.0505976676940918,-0.025387287139892578,-0.23355792462825775
1707576945490845400,9.107845458984375,-0.06677913665771484,-0.04154014587402344,-0.09330680966377258
1707576945509738000,9.126738037109375,-0.014755725860595703,-0.004844188690185547,0.12786942720413208
1707576945528630500,9.145630615234374,0.05211067199707031,0.003996849060058594,0.17746804654598236
1707576945547523300,9.1645234375,0.11636066436767578,-0.11391735076904297,-0.07381182909011841
1707576945566416000,9.183415771484375,0.11291170120239258,-0.15657567977905273,-0.2855801582336426
1707576945585308400,9.202308349609375,0.17822980880737305,-0.16640996932983398,-0.3945055603981018
1707576945604201000,9.221200927734374,0.3581962585449219,-0.10654640197753906,-0.33783629536628723
1707576945623093500,9.240093505859376,0.4351835250854492,-0.0127105712890625,-0.2276158183813095
1707576945641986000,9.258986083984375,0.3009524345397949,-0.02334451675415039,-0.13900434970855713
1707576945660878600,9.277878662109375,0.04115915298461914,0.04337024688720703,-0.04566493630409241
1707576945679771100,9.296771240234374,-0.23823070526123047,0.07839584350585938,-0.10075019299983978
1707576945698664000,9.315663818359376,-0.3927278518676758,0.030084609985351562,-0.07282900810241699
1707576945717556500,9.334556396484375,-0.4270796775817871,0.008283615112304688,0.039239317178726196
1707576945736449000,9.353448974609375,-0.40082502365112305,0.03794384002685547,0.04043833911418915
1707576945755341600,9.372341552734374,-0.2732734680175781,0.04627084732055664,-0.010052144527435303
1707576945774234000,9.391234130859376,-0.21819210052490234,0.08767938613891602,0.03705739974975586
1707576945793126700,9.410126708984375,-0.13283824920654297,0.04668617248535156,-0.012699425220489502
1707576945812019200,9.429019287109375,-0.31316566467285156,0.007515430450439453,-0.06506089866161346
1707576945830912000,9.447912109375,-0.5096149444580078,0.09610986709594727,-0.0010476410388946533
1707576945849804500,9.466804443359376,-0.38601160049438477,0.21217870712280273,0.22495581209659576
1707576945868697000,9.485697021484375,0.13100337982177734,0.03846883773803711,0.3265572786331177
1707576945887589600,9.504589599609375,0.3868370056152344,-0.015472412109375,0.3483583331108093
1707576945906482200,9.523482177734374,0.35309648513793945,0.019358158111572266,0.08043962717056274
1707576945925374700,9.542374755859376,0.3357715606689453,0.02576589584350586,-0.1615884006023407
1707576945944267300,9.561267333984375,0.10338497161865234,-0.0532679557800293,-0.26314616203308105
1707576945963159800,9.580159912109375,0.0013689994812011719,-0.08149003982543945,-0.3093198537826538
1707576945982052600,9.599052490234374,0.2190866470336914,-0.07709121704101562,-0.24630051851272583
1707576946000945200,9.617945068359376,0.34266042709350586,-0.11923408508300781,-0.12669672071933746
1707576946019837700,9.636837646484375,0.12592840194702148,-0.13280534744262695,-0.08765912801027298
1707576946038730200,9.655730224609375,-0.08694934844970703,-0.0765538215637207,-0.08865223824977875
1707576946057622800,9.674622802734374,-0.14084196090698242,-0.07027101516723633,-0.11226852983236313
1707576946076515300,9.693515380859376,-0.1491098403930664,-0.014766693115234375,-0.11119035631418228
1707576946095407900,9.712407958984375,-0.15699243545532227,0.047086238861083984,-0.05160193145275116
1707576946114300700,9.73130078125,-0.013309001922607422,0.07639551162719727,0.13425379991531372
1707576946133193200,9.750193115234374,0.06547737121582031,0.043439388275146484,0.17223766446113586
1707576946152085800,9.769085693359376,0.0331120491027832,0.056444644927978516,0.18261659145355225
1707576946170978300,9.787978271484375,-0.06649398803710938,0.062046051025390625,0.10535866767168045
1707576946189870800,9.806870849609375,-0.0910797119140625,-0.024428367614746094,-0.10158132761716843
1707576946208763400,9.825763427734374,-0.14772272109985352,-0.051212310791015625,-0.06078791618347168
1707576946227656200,9.84465625,-0.06200885772705078,-0.014192581176757812,-0.18250763416290283
1707576946246548700,9.863548828125,0.06642961502075195,-0.05472135543823242,-0.07546366751194
1707576946265441300,9.882441162109375,0.16370058059692383,0.00397491455078125,-0.007408894598484039
1707576946284333800,9.901333740234374,0.25672292709350586,0.031128883361816406,-0.0036656521260738373
1707576946303226400,9.920226318359376,0.20670127868652344,0.006523609161376953,0.01961158588528633
1707576946322119000,9.939118896484375,-0.0032567977905273438,0.037784576416015625,-0.06443904340267181
1707576946341011500,9.958011474609375,-0.22223377227783203,-0.039076805114746094,-0.07884739339351654
1707576946359904300,9.976904296875,-0.3963742256164551,0.010788917541503906,-0.006282959133386612
1707576946378796800,9.995796875,-0.14733600616455078,0.1355142593383789,0.010757803916931152
1707576946397689300,10.014689453125,0.033011436462402344,0.027616500854492188,0.14070136845111847
1707576946416582000,10.033581787109375,0.010245800018310547,0.028494834899902344,0.12945310771465302
1707576946435474400,10.052474365234374,-0.0996255874633789,0.12804651260375977,0.011273108422756195
1707576946454367000,10.071366943359376,-0.4006919860839844,0.06720447540283203,-0.23312556743621826
1707576946473259500,10.090259521484375,-0.7281022071838379,-0.14735698699951172,-0.4533137381076813
1707576946492152300,10.10915234375,-0.6009950637817383,-0.1467270851135254,-0.60667884349823
1707576946511044900,10.128044921875,-0.462679386138916,-0.1399846076965332,-0.1950819492340088
1707576946529937400,10.1469375,-0.6260452270507812,-0.17656421661376953,0.827107310295105
1707576946548830000,10.165829833984375,-0.11869955062866211,0.11409425735473633,0.9876788258552551
1707576946567722500,10.184722412109375,0.5802187919616699,0.2549419403076172,0.5701315402984619
1707576946586615000,10.203614990234374,1.0085134506225586,0.11675024032592773,0.024746954441070557
1707576946605507600,10.222507568359376,1.0132393836975098,-0.029437541961669922,-0.3913029134273529
1707576946624400100,10.241400146484375,0.7733359336853027,-0.1316661834716797,-0.38092106580734253
1707576946643293000,10.26029296875,0.4532132148742676,-0.10756444931030273,-0.23019100725650787
1707576946662185500,10.279185546875,0.2164134979248047,-0.09391117095947266,-0.1446373015642166
1707576946681078000,10.298078125,-0.025500774383544922,-0.15430974960327148,-0.16868039965629578
1707576946699970600,10.316970458984375,-0.22738122940063477,-0.1258835792541504,-0.25871118903160095
1707576946718863000,10.335863037109375,-0.40176868438720703,-0.03488779067993164,-0.22913885116577148
1707576946737755600,10.354755615234374,-0.41931676864624023,0.054894447326660156,-0.1297227144241333
1707576946756648200,10.373648193359376,-0.30753326416015625,0.0369877815246582,-0.06980890035629272
1707576946775540700,10.392540771484375,-0.11165809631347656,0.04611539840698242,0.0921492874622345
1707576946794433500,10.41143359375,-0.04359149932861328,0.01595306396484375,0.1688944399356842
1707576946813326000,10.430326171875,-0.025451183319091797,0.016685009002685547,0.17083531618118286
1707576946832218600,10.449218505859376,0.04864692687988281,0.031935691833496094,0.22613871097564697
1707576946851111200,10.468111083984375,0.16933155059814453,-0.004208564758300781,0.1700916588306427
1707576946870003700,10.487003662109375,0.19361114501953125,-0.011022090911865234,0.10373106598854065
1707576946888896300,10.505896240234375,0.17693710327148438,0.004364490509033203,0.001408904790878296
1707576946907789000,10.5247890625,0.11285114288330078,0.018977642059326172,-0.00028783082962036133
1707576946926681600,10.543681640625,0.04638481140136719,-0.039544105529785156,0.0005465447902679443
1707576946945574100,10.56257421875,0.03420257568359375,-0.04312705993652344,-0.11745169758796692
1707576946964466700,10.581466796875,0.037550926208496094,-0.05289316177368164,-0.1647593379020691
1707576946983359200,10.600359130859376,0.08982276916503906,-0.05831289291381836,-0.16770118474960327
1707576947002251800,10.619251708984375,0.10711669921875,-0.03182840347290039,-0.14800012111663818
1707576947021144300,10.638144287109375,0.0969858169555664,-0.028296947479248047,-0.0017707645893096924
1707576947040037000,10.657037109375,0.0778646469116211,0.004933834075927734,0.11979478597640991
1707576947058929700,10.6759296875,0.05020713806152344,0.025123119354248047,0.13793909549713135
1707576947077822200,10.694822265625,0.047878265380859375,0.0486903190612793,0.07812169194221497
1707576947096714800,10.71371484375,0.08492469787597656,0.026916980743408203,-0.0024314820766448975
1707576947115607300,10.732607177734375,0.09007835388183594,-0.02824258804321289,-0.0693134069442749
1707576947134499800,10.751499755859374,0.03583526611328125,-0.062032222747802734,-0.058707594871520996
1707576947153392400,10.770392333984375,-0.03924846649169922,-0.042176246643066406,0.002213984727859497
1707576947172285200,10.78928515625,-0.022855758666992188,-0.0027174949645996094,0.050686419010162354
1707576947191177700,10.808177734375,-0.0511932373046875,0.0016813278198242188,0.03367164731025696
1707576947210070300,10.8270703125,-0.08025836944580078,0.013473033905029297,-0.0716409683227539
1707576947228962800,10.845962890625,-0.02624797821044922,-0.009534358978271484,-0.08033710718154907
1707576947247855400,10.86485546875,-0.001270294189453125,-0.023630142211914062,-0.02531227469444275
1707576947266748000,10.883747802734375,-0.00719451904296875,0.007954597473144531,0.03869941830635071
1707576947285640400,10.902640380859374,-0.025472640991210938,0.006291866302490234,0.005078434944152832
1707576947304533000,10.921532958984375,-0.020043373107910156,-0.020262718200683594,-0.057674676179885864
1707576947323425800,10.94042578125,-0.014382362365722656,-0.042894840240478516,-0.048779189586639404
1707576947342318300,10.959318359375,-0.019659996032714844,-0.009675979614257812,-0.050029367208480835
1707576947361211000,10.9782109375,0.0401458740234375,0.01790904998779297,-0.022350162267684937
1707576947380103400,10.997103515625,0.08145999908447266,-0.000037670135498046875,0.014822185039520264
1707576947398996000,11.015995849609375,0.0677175521850586,-0.015317440032958984,0.027513325214385986
1707576947417888500,11.034888427734375,0.01971912384033203,-0.02152538299560547,0.0016912221908569336
1707576947436781000,11.053781005859374,0.008353233337402344,0.013187885284423828,-0.03210541605949402
1707576947455673900,11.072673828125,0.022767066955566406,-0.043393611907958984,-0.06083318591117859
1707576947474566400,11.09156640625,0.006049156188964844,-0.020275592803955078,-0.034323543310165405
1707576947493459000,11.110458984375,0.004549980163574219,-0.01800251007080078,0.0005981922149658203
1707576947512351500,11.1293515625,-0.0130767822265625,0.02787494659423828,0.006137639284133911
1707576947531244000,11.148244140625,-0.017320632934570312,0.01756429672241211,-0.015120774507522583
1707576947550136600,11.167136474609375,-0.0061321258544921875,-0.009165287017822266,-0.0301053524017334
1707576947569029000,11.186029052734375,0.009120941162109375,-0.005595684051513672,-0.04659000039100647
1707576947587922000,11.204921875,0.026442527770996094,-0.024659156799316406,-0.01597389578819275
1707576947606814500,11.223814453125,-0.018790245056152344,-0.01128387451171875,0.06280764937400818
1707576947625707000,11.24270703125,-0.044147491455078125,0.014586925506591797,0.07422497868537903
1707576947644599600,11.261599609375,-0.008482933044433594,0.009759902954101562,0.08482307195663452
1707576947663492000,11.2804921875,0.028448104858398438,-0.010449886322021484,0.07115808129310608
1707576947682384600,11.299384521484376,0.042499542236328125,-0.013211727142333984,0.003933936357498169
1707576947701277400,11.31827734375,0.012483596801757812,-0.011178970336914062,-0.06530743837356567
1707576947720170000,11.337169921875,0.024677276611328125,-0.007996082305908203,-0.05517590045928955
1707576947739062500,11.3560625,0.06392955780029297,-0.046411991119384766,-0.0070046186447143555
1707576947757955000,11.374955078125,0.023184776306152344,-0.008188247680664062,-0.059524357318878174
1707576947776847600,11.39384765625,-0.026195526123046875,-0.0006895065307617188,-0.13221341371536255
1707576947795740200,11.412740234375,-0.051319122314453125,-0.022219181060791016,-0.07326290011405945
1707576947814632700,11.4316328125,-0.030182838439941406,-0.006308078765869141,0.003766357898712158
1707576947833525200,11.450525146484376,-0.044788360595703125,-0.002071380615234375,0.0508895218372345
1707576947852418000,11.46941796875,-0.0734405517578125,0.020572662353515625,0.06097298860549927
1707576947871310600,11.488310546875,-0.07568931579589844,0.03416872024536133,0.05675742030143738
1707576947890203100,11.507203125,0.0354766845703125,0.049080848693847656,0.06987014412879944
1707576947909095700,11.526095703125,0.08640098571777344,-0.002288341522216797,0.06312692165374756
1707576947927988200,11.54498828125,0.0997171401977539,-0.011328697204589844,0.013377070426940918
1707576947946880800,11.563880859375,0.08500385284423828,-0.01662921905517578,0.04234930872917175
1707576947965773300,11.582773193359374,-0.05547904968261719,-0.014523983001708984,0.04599568247795105
1707576947984665900,11.601665771484376,-0.1443309783935547,-0.014173507690429688,-0.02417895197868347
1707576948003558700,11.62055859375,-0.13216733932495117,-0.0321497917175293,-0.07098045945167542
1707576948022451200,11.639451171875,-0.041909217834472656,-0.027386188507080078,-0.08799475431442261
1707576948041343700,11.65834375,0.0461578369140625,-0.02688121795654297,0.01633012294769287
1707576948060236300,11.677236328125,0.043982505798339844,0.018884658813476562,0.03637272119522095
1707576948079128800,11.69612890625,0.13912105560302734,0.004623889923095703,0.06705740094184875
1707576948098021400,11.715021484375,0.07546710968017578,0.08377552032470703,-0.0469529926776886
1707576948116914000,11.733913818359374,0.09303092956542969,-0.0032911300659179688,0.07846993207931519
1707576948135806500,11.752806396484376,0.33050537109375,-0.023024559020996094,0.1264166533946991
